"game_date","game","player_name","team_abbreviation","shot_type","shot_player","prob_points","line_points","prob_fgm","line_fgm","br_prob","br_line","br_edge","br_kelly","br_units","bs_prob","bs_line","bs_edge","bs_kelly","bs_units","csr_prob","csr_line","csr_edge","csr_kelly","csr_units","dk_prob","dk_line","dk_edge","dk_kelly","dk_units","fd_prob","fd_line","fd_edge","fd_kelly","fd_units","mgm_prob","mgm_line","mgm_edge","mgm_kelly","mgm_units","pb_prob","pb_line","pb_edge","pb_kelly","pb_units","run_timestamp_utc"
2023-11-11,"MIL @ ORL","Brook Lopez","MIL","dunk","Brook Lopez_dunk",0.0115,8595,NA,NA,NA,NA,NA,NA,NA,NA,NA,NA,NA,NA,NA,NA,NA,NA,NA,NA,NA,NA,NA,NA,0.0164,6000,-0.0049,-0.0025,-0.2487,NA,NA,NA,NA,NA,NA,NA,NA,NA,NA,2023-11-11 18:27:34
2023-11-11,"MIL @ ORL","Brook Lopez","MIL","free_throw","Brook Lopez_free_throw",0.0087,11396,NA,NA,NA,NA,NA,NA,NA,NA,NA,NA,NA,NA,NA,NA,NA,NA,NA,NA,NA,NA,NA,NA,0.0083,12000,4e-04,2e-04,0.0219,NA,NA,NA,NA,NA,NA,NA,NA,NA,NA,2023-11-11 18:27:34
2023-11-11,"MIL @ ORL","Brook Lopez","MIL","layup","Brook Lopez_layup",0.0272,3579,NA,NA,NA,NA,NA,NA,NA,NA,NA,NA,NA,NA,NA,NA,NA,NA,NA,NA,NA,NA,NA,NA,0.0222,4400,0.005,0.0025,0.2534,NA,NA,NA,NA,NA,NA,NA,NA,NA,NA,2023-11-11 18:27:34
2023-11-11,"MIL @ ORL","Brook Lopez","MIL","other_fg","Brook Lopez_other_fg",0.0365,2637,NA,NA,NA,NA,NA,NA,NA,NA,NA,NA,NA,NA,NA,NA,NA,NA,NA,NA,NA,NA,NA,NA,0.0333,2900,0.0032,0.0017,0.1657,NA,NA,NA,NA,NA,NA,NA,NA,NA,NA,2023-11-11 18:27:34
2023-11-11,"MIL @ ORL","Brook Lopez","MIL","three_point","Brook Lopez_three_point",0.024,4071,0.0271,3594,NA,NA,NA,NA,NA,NA,NA,NA,NA,NA,NA,NA,NA,NA,NA,0.0476,2000,-0.0206,-0.0108,-1.0789,0.0526,1800,-0.0287,-0.0151,-1.5125,0.0476,2000,-0.0206,-0.0108,-1.0789,NA,NA,NA,NA,NA,2023-11-11 18:27:34
2023-11-11,"MIL @ ORL","Damian Lillard","MIL","dunk","Damian Lillard_dunk",0.0039,25785,NA,NA,NA,NA,NA,NA,NA,NA,NA,NA,NA,NA,NA,NA,NA,NA,NA,NA,NA,NA,NA,NA,NA,NA,NA,NA,NA,NA,NA,NA,NA,NA,NA,NA,NA,NA,NA,2023-11-11 18:27:34
2023-11-11,"MIL @ ORL","Damian Lillard","MIL","free_throw","Damian Lillard_free_throw",0.0147,6706,NA,NA,NA,NA,NA,NA,NA,NA,NA,NA,NA,NA,NA,NA,NA,NA,NA,NA,NA,NA,NA,NA,NA,NA,NA,NA,NA,NA,NA,NA,NA,NA,NA,NA,NA,NA,NA,2023-11-11 18:27:34
2023-11-11,"MIL @ ORL","Damian Lillard","MIL","layup","Damian Lillard_layup",0.0253,3852,NA,NA,NA,NA,NA,NA,NA,NA,NA,NA,NA,NA,NA,NA,NA,NA,NA,NA,NA,NA,NA,NA,NA,NA,NA,NA,NA,NA,NA,NA,NA,NA,NA,NA,NA,NA,NA,2023-11-11 18:27:34
2023-11-11,"MIL @ ORL","Damian Lillard","MIL","other_fg","Damian Lillard_other_fg",0.0209,4682,NA,NA,NA,NA,NA,NA,NA,NA,NA,NA,NA,NA,NA,NA,NA,NA,NA,NA,NA,NA,NA,NA,NA,NA,NA,NA,NA,NA,NA,NA,NA,NA,NA,NA,NA,NA,NA,2023-11-11 18:27:34
2023-11-11,"MIL @ ORL","Damian Lillard","MIL","three_point","Damian Lillard_three_point",0.0516,1836,0.0579,1626,NA,NA,NA,NA,NA,NA,NA,NA,NA,NA,NA,NA,NA,NA,NA,0.0556,1700,0.0024,0.0013,0.1253,NA,NA,NA,NA,NA,0.0526,1800,0.0053,0.0028,0.2792,NA,NA,NA,NA,NA,2023-11-11 18:27:34
2023-11-11,"MIL @ ORL","Khris Middleton","MIL","dunk","Khris Middleton_dunk",0.0042,23886,NA,NA,NA,NA,NA,NA,NA,NA,NA,NA,NA,NA,NA,NA,NA,NA,NA,NA,NA,NA,NA,NA,0.004,25000,2e-04,1e-04,0.0093,NA,NA,NA,NA,NA,NA,NA,NA,NA,NA,2023-11-11 18:27:34
2023-11-11,"MIL @ ORL","Khris Middleton","MIL","free_throw","Khris Middleton_free_throw",0.0102,9746,NA,NA,NA,NA,NA,NA,NA,NA,NA,NA,NA,NA,NA,NA,NA,NA,NA,NA,NA,NA,NA,NA,0.0141,7000,-0.0039,-0.002,-0.1992,NA,NA,NA,NA,NA,NA,NA,NA,NA,NA,2023-11-11 18:27:34
2023-11-11,"MIL @ ORL","Khris Middleton","MIL","layup","Khris Middleton_layup",0.0209,4678,NA,NA,NA,NA,NA,NA,NA,NA,NA,NA,NA,NA,NA,NA,NA,NA,NA,NA,NA,NA,NA,NA,0.0294,3300,-0.0085,-0.0044,-0.4371,NA,NA,NA,NA,NA,NA,NA,NA,NA,NA,2023-11-11 18:27:34
2023-11-11,"MIL @ ORL","Khris Middleton","MIL","other_fg","Khris Middleton_other_fg",0.0429,2233,NA,NA,NA,NA,NA,NA,NA,NA,NA,NA,NA,NA,NA,NA,NA,NA,NA,NA,NA,NA,NA,NA,0.0769,1200,-0.0341,-0.0185,-1.8452,NA,NA,NA,NA,NA,NA,NA,NA,NA,NA,2023-11-11 18:27:34
2023-11-11,"MIL @ ORL","Khris Middleton","MIL","three_point","Khris Middleton_three_point",0.031,3122,0.0355,2718,NA,NA,NA,NA,NA,NA,NA,NA,NA,NA,NA,NA,NA,NA,NA,0.0435,2200,-0.008,-0.0042,-0.418,0.0435,2200,-0.0124,-0.0065,-0.6505,0.0435,2200,-0.008,-0.0042,-0.418,NA,NA,NA,NA,NA,2023-11-11 18:27:34
2023-11-11,"MIL @ ORL","Giannis Antetokounmpo","MIL","dunk","Giannis Antetokounmpo_dunk",0.0358,2693,NA,NA,NA,NA,NA,NA,NA,NA,NA,NA,NA,NA,NA,NA,NA,NA,NA,NA,NA,NA,NA,NA,0.0588,1600,-0.023,-0.0122,-1.223,NA,NA,NA,NA,NA,NA,NA,NA,NA,NA,2023-11-11 18:27:34
2023-11-11,"MIL @ ORL","Giannis Antetokounmpo","MIL","free_throw","Giannis Antetokounmpo_free_throw",0.0313,3096,NA,NA,NA,NA,NA,NA,NA,NA,NA,NA,NA,NA,NA,NA,NA,NA,NA,NA,NA,NA,NA,NA,0.0435,2200,-0.0122,-0.0064,-0.6373,NA,NA,NA,NA,NA,NA,NA,NA,NA,NA,2023-11-11 18:27:34
2023-11-11,"MIL @ ORL","Giannis Antetokounmpo","MIL","layup","Giannis Antetokounmpo_layup",0.0551,1715,NA,NA,NA,NA,NA,NA,NA,NA,NA,NA,NA,NA,NA,NA,NA,NA,NA,NA,NA,NA,NA,NA,0.125,700,-0.0699,-0.0399,-3.9947,NA,NA,NA,NA,NA,NA,NA,NA,NA,NA,2023-11-11 18:27:34
2023-11-11,"MIL @ ORL","Giannis Antetokounmpo","MIL","other_fg","Giannis Antetokounmpo_other_fg",0.0345,2799,NA,NA,NA,NA,NA,NA,NA,NA,NA,NA,NA,NA,NA,NA,NA,NA,NA,NA,NA,NA,NA,NA,0.0588,1600,-0.0243,-0.0129,-1.2924,NA,NA,NA,NA,NA,NA,NA,NA,NA,NA,2023-11-11 18:27:34
2023-11-11,"MIL @ ORL","Giannis Antetokounmpo","MIL","three_point","Giannis Antetokounmpo_three_point",0.0123,8049,0.0133,7409,NA,NA,NA,NA,NA,NA,NA,NA,NA,NA,NA,NA,NA,NA,NA,0.0152,6500,-0.0018,-9e-04,-0.0931,0.0083,12000,0.004,0.002,0.202,0.0123,8000,0.001,5e-04,0.0492,NA,NA,NA,NA,NA,2023-11-11 18:27:34
2023-11-11,"MIL @ ORL","Malik Beasley","MIL","dunk","Malik Beasley_dunk",0.0037,26709,NA,NA,NA,NA,NA,NA,NA,NA,NA,NA,NA,NA,NA,NA,NA,NA,NA,NA,NA,NA,NA,NA,0.0055,18000,-0.0018,-9e-04,-0.0902,NA,NA,NA,NA,NA,NA,NA,NA,NA,NA,2023-11-11 18:27:34
2023-11-11,"MIL @ ORL","Malik Beasley","MIL","free_throw","Malik Beasley_free_throw",0.0055,17996,NA,NA,NA,NA,NA,NA,NA,NA,NA,NA,NA,NA,NA,NA,NA,NA,NA,NA,NA,NA,NA,NA,0.0052,19000,3e-04,1e-04,0.0146,NA,NA,NA,NA,NA,NA,NA,NA,NA,NA,2023-11-11 18:27:34
2023-11-11,"MIL @ ORL","Malik Beasley","MIL","layup","Malik Beasley_layup",0.0153,6430,NA,NA,NA,NA,NA,NA,NA,NA,NA,NA,NA,NA,NA,NA,NA,NA,NA,NA,NA,NA,NA,NA,0.0179,5500,-0.0025,-0.0013,-0.1294,NA,NA,NA,NA,NA,NA,NA,NA,NA,NA,2023-11-11 18:27:34
2023-11-11,"MIL @ ORL","Malik Beasley","MIL","other_fg","Malik Beasley_other_fg",0.0129,7681,NA,NA,NA,NA,NA,NA,NA,NA,NA,NA,NA,NA,NA,NA,NA,NA,NA,NA,NA,NA,NA,NA,0.0217,4500,-0.0089,-0.0045,-0.4543,NA,NA,NA,NA,NA,NA,NA,NA,NA,NA,2023-11-11 18:27:34
2023-11-11,"MIL @ ORL","Malik Beasley","MIL","three_point","Malik Beasley_three_point",0.0499,1903,0.0499,1903,NA,NA,NA,NA,NA,NA,NA,NA,NA,NA,NA,NA,NA,NA,NA,0.0588,1600,-0.0089,-0.0047,-0.4728,0.0526,1800,-0.0027,-0.0014,-0.1429,0.0667,1400,-0.0167,-0.009,-0.897,NA,NA,NA,NA,NA,2023-11-11 18:27:34
2023-11-11,"MIL @ ORL","Markelle Fultz","ORL","dunk","Markelle Fultz_dunk",0.0046,21731,NA,NA,NA,NA,NA,NA,NA,NA,NA,NA,NA,NA,NA,NA,NA,NA,NA,NA,NA,NA,NA,NA,0.0058,17000,-0.0013,-6e-04,-0.0637,NA,NA,NA,NA,NA,NA,NA,NA,NA,NA,2023-11-11 18:27:34
2023-11-11,"MIL @ ORL","Markelle Fultz","ORL","free_throw","Markelle Fultz_free_throw",0.0062,15919,NA,NA,NA,NA,NA,NA,NA,NA,NA,NA,NA,NA,NA,NA,NA,NA,NA,NA,NA,NA,NA,NA,0.0055,18000,7e-04,4e-04,0.0361,NA,NA,NA,NA,NA,NA,NA,NA,NA,NA,2023-11-11 18:27:34
2023-11-11,"MIL @ ORL","Markelle Fultz","ORL","layup","Markelle Fultz_layup",0.0221,4427,NA,NA,NA,NA,NA,NA,NA,NA,NA,NA,NA,NA,NA,NA,NA,NA,NA,NA,NA,NA,NA,NA,0.0312,3100,-0.0092,-0.0047,-0.4727,NA,NA,NA,NA,NA,NA,NA,NA,NA,NA,2023-11-11 18:27:34
2023-11-11,"MIL @ ORL","Markelle Fultz","ORL","other_fg","Markelle Fultz_other_fg",0.031,3124,NA,NA,NA,NA,NA,NA,NA,NA,NA,NA,NA,NA,NA,NA,NA,NA,NA,NA,NA,NA,NA,NA,0.0312,3100,-2e-04,-1e-04,-0.0119,NA,NA,NA,NA,NA,NA,NA,NA,NA,NA,2023-11-11 18:27:34
2023-11-11,"MIL @ ORL","Markelle Fultz","ORL","three_point","Markelle Fultz_three_point",0.0092,10732,0.0109,9076,NA,NA,NA,NA,NA,NA,NA,NA,NA,NA,NA,NA,NA,NA,NA,0.0123,8000,-0.0014,-7e-04,-0.0733,0.0083,12000,0.001,5e-04,0.0488,0.0278,3500,-0.0169,-0.0087,-0.8681,NA,NA,NA,NA,NA,2023-11-11 18:27:34
2023-11-11,"MIL @ ORL","Goga Bitadze","ORL","dunk","Goga Bitadze_dunk",0.0116,8484,NA,NA,NA,NA,NA,NA,NA,NA,NA,NA,NA,NA,NA,NA,NA,NA,NA,NA,NA,NA,NA,NA,0.0256,3800,-0.014,-0.0072,-0.718,NA,NA,NA,NA,NA,NA,NA,NA,NA,NA,2023-11-11 18:27:34
2023-11-11,"MIL @ ORL","Goga Bitadze","ORL","free_throw","Goga Bitadze_free_throw",0.0091,10889,NA,NA,NA,NA,NA,NA,NA,NA,NA,NA,NA,NA,NA,NA,NA,NA,NA,NA,NA,NA,NA,NA,0.0152,6500,-0.0061,-0.0031,-0.3072,NA,NA,NA,NA,NA,NA,NA,NA,NA,NA,2023-11-11 18:27:34
2023-11-11,"MIL @ ORL","Goga Bitadze","ORL","layup","Goga Bitadze_layup",0.0416,2306,NA,NA,NA,NA,NA,NA,NA,NA,NA,NA,NA,NA,NA,NA,NA,NA,NA,NA,NA,NA,NA,NA,0.0455,2100,-0.0039,-0.002,-0.2042,NA,NA,NA,NA,NA,NA,NA,NA,NA,NA,2023-11-11 18:27:34
2023-11-11,"MIL @ ORL","Goga Bitadze","ORL","other_fg","Goga Bitadze_other_fg",0.0254,3829,NA,NA,NA,NA,NA,NA,NA,NA,NA,NA,NA,NA,NA,NA,NA,NA,NA,NA,NA,NA,NA,NA,0.0238,4100,0.0016,8e-04,0.084,NA,NA,NA,NA,NA,NA,NA,NA,NA,NA,2023-11-11 18:27:34
2023-11-11,"MIL @ ORL","Goga Bitadze","ORL","three_point","Goga Bitadze_three_point",0.0123,8050,0.0145,6795,NA,NA,NA,NA,NA,NA,NA,NA,NA,NA,NA,NA,NA,NA,NA,0.0099,10000,0.0046,0.0023,0.2324,0.0104,9500,0.0019,9e-04,0.0936,0.0123,8000,0.0022,0.0011,0.1092,NA,NA,NA,NA,NA,2023-11-11 18:27:34
2023-11-11,"MIL @ ORL","Franz Wagner","ORL","dunk","Franz Wagner_dunk",0.0044,22739,NA,NA,NA,NA,NA,NA,NA,NA,NA,NA,NA,NA,NA,NA,NA,NA,NA,NA,NA,NA,NA,NA,0.009,11000,-0.0046,-0.0023,-0.2336,NA,NA,NA,NA,NA,NA,NA,NA,NA,NA,2023-11-11 18:27:34
2023-11-11,"MIL @ ORL","Franz Wagner","ORL","free_throw","Franz Wagner_free_throw",0.0078,12704,NA,NA,NA,NA,NA,NA,NA,NA,NA,NA,NA,NA,NA,NA,NA,NA,NA,NA,NA,NA,NA,NA,0.0132,7500,-0.0053,-0.0027,-0.271,NA,NA,NA,NA,NA,NA,NA,NA,NA,NA,2023-11-11 18:27:34
2023-11-11,"MIL @ ORL","Franz Wagner","ORL","layup","Franz Wagner_layup",0.0238,4108,NA,NA,NA,NA,NA,NA,NA,NA,NA,NA,NA,NA,NA,NA,NA,NA,NA,NA,NA,NA,NA,NA,0.037,2600,-0.0133,-0.0069,-0.6891,NA,NA,NA,NA,NA,NA,NA,NA,NA,NA,2023-11-11 18:27:34
2023-11-11,"MIL @ ORL","Franz Wagner","ORL","other_fg","Franz Wagner_other_fg",0.0217,4508,NA,NA,NA,NA,NA,NA,NA,NA,NA,NA,NA,NA,NA,NA,NA,NA,NA,NA,NA,NA,NA,NA,0.0333,2900,-0.0116,-0.006,-0.6016,NA,NA,NA,NA,NA,NA,NA,NA,NA,NA,2023-11-11 18:27:34
2023-11-11,"MIL @ ORL","Franz Wagner","ORL","three_point","Franz Wagner_three_point",0.0196,5012,0.0235,4159,NA,NA,NA,NA,NA,NA,NA,NA,NA,NA,NA,NA,NA,NA,NA,0.0385,2500,-0.015,-0.0078,-0.7791,0.0222,4400,-0.0027,-0.0014,-0.136,0.0385,2500,-0.015,-0.0078,-0.7791,NA,NA,NA,NA,NA,2023-11-11 18:27:34
2023-11-11,"MIL @ ORL","Jalen Suggs","ORL","dunk","Jalen Suggs_dunk",0.0038,25920,NA,NA,NA,NA,NA,NA,NA,NA,NA,NA,NA,NA,NA,NA,NA,NA,NA,NA,NA,NA,NA,NA,0.0041,24000,-3e-04,-2e-04,-0.0154,NA,NA,NA,NA,NA,NA,NA,NA,NA,NA,2023-11-11 18:27:34
2023-11-11,"MIL @ ORL","Jalen Suggs","ORL","free_throw","Jalen Suggs_free_throw",0.0064,15426,NA,NA,NA,NA,NA,NA,NA,NA,NA,NA,NA,NA,NA,NA,NA,NA,NA,NA,NA,NA,NA,NA,0.009,11000,-0.0026,-0.0013,-0.1296,NA,NA,NA,NA,NA,NA,NA,NA,NA,NA,2023-11-11 18:27:34
2023-11-11,"MIL @ ORL","Jalen Suggs","ORL","layup","Jalen Suggs_layup",0.0176,5571,NA,NA,NA,NA,NA,NA,NA,NA,NA,NA,NA,NA,NA,NA,NA,NA,NA,NA,NA,NA,NA,NA,0.0312,3100,-0.0136,-0.007,-0.7028,NA,NA,NA,NA,NA,NA,NA,NA,NA,NA,2023-11-11 18:27:34
2023-11-11,"MIL @ ORL","Jalen Suggs","ORL","other_fg","Jalen Suggs_other_fg",0.016,6149,NA,NA,NA,NA,NA,NA,NA,NA,NA,NA,NA,NA,NA,NA,NA,NA,NA,NA,NA,NA,NA,NA,0.0179,5500,-0.0019,-9e-04,-0.0944,NA,NA,NA,NA,NA,NA,NA,NA,NA,NA,2023-11-11 18:27:34
2023-11-11,"MIL @ ORL","Jalen Suggs","ORL","three_point","Jalen Suggs_three_point",0.0271,3586,0.0298,3251,NA,NA,NA,NA,NA,NA,NA,NA,NA,NA,NA,NA,NA,NA,NA,0.0435,2200,-0.0136,-0.0071,-0.713,0.0333,2900,-0.0062,-0.0032,-0.3207,0.0323,3000,-0.0024,-0.0013,-0.1251,NA,NA,NA,NA,NA,2023-11-11 18:27:34
2023-11-11,"MIL @ ORL","Paolo Banchero","ORL","dunk","Paolo Banchero_dunk",0.0054,18532,NA,NA,NA,NA,NA,NA,NA,NA,NA,NA,NA,NA,NA,NA,NA,NA,NA,NA,NA,NA,NA,NA,0.011,9000,-0.0056,-0.0028,-0.2842,NA,NA,NA,NA,NA,NA,NA,NA,NA,NA,2023-11-11 18:27:34
2023-11-11,"MIL @ ORL","Paolo Banchero","ORL","free_throw","Paolo Banchero_free_throw",0.0119,8296,NA,NA,NA,NA,NA,NA,NA,NA,NA,NA,NA,NA,NA,NA,NA,NA,NA,NA,NA,NA,NA,NA,0.0278,3500,-0.0159,-0.0082,-0.816,NA,NA,NA,NA,NA,NA,NA,NA,NA,NA,2023-11-11 18:27:34
2023-11-11,"MIL @ ORL","Paolo Banchero","ORL","layup","Paolo Banchero_layup",0.0303,3199,NA,NA,NA,NA,NA,NA,NA,NA,NA,NA,NA,NA,NA,NA,NA,NA,NA,NA,NA,NA,NA,NA,0.05,1900,-0.0197,-0.0104,-1.0363,NA,NA,NA,NA,NA,NA,NA,NA,NA,NA,2023-11-11 18:27:34
2023-11-11,"MIL @ ORL","Paolo Banchero","ORL","other_fg","Paolo Banchero_other_fg",0.0284,3425,NA,NA,NA,NA,NA,NA,NA,NA,NA,NA,NA,NA,NA,NA,NA,NA,NA,NA,NA,NA,NA,NA,0.0556,1700,-0.0272,-0.0144,-1.4393,NA,NA,NA,NA,NA,NA,NA,NA,NA,NA,2023-11-11 18:27:34
2023-11-11,"MIL @ ORL","Paolo Banchero","ORL","three_point","Paolo Banchero_three_point",0.0128,7686,0.0149,6618,NA,NA,NA,NA,NA,NA,NA,NA,NA,NA,NA,NA,NA,NA,NA,0.0278,3500,-0.0129,-0.0066,-0.663,0.0164,6000,-0.0036,-0.0018,-0.1805,0.0244,4000,-0.0095,-0.0049,-0.4871,NA,NA,NA,NA,NA,2023-11-11 18:27:34
2023-11-11,"TOR @ BOS","Jrue Holiday","BOS","dunk","Jrue Holiday_dunk",0.0039,25393,NA,NA,NA,NA,NA,NA,NA,NA,NA,NA,NA,NA,NA,NA,NA,NA,NA,NA,NA,NA,NA,NA,0.0043,23000,-4e-04,-2e-04,-0.0204,NA,NA,NA,NA,NA,NA,NA,NA,NA,NA,2023-11-11 18:27:34
2023-11-11,"TOR @ BOS","Jrue Holiday","BOS","free_throw","Jrue Holiday_free_throw",0.0071,14066,NA,NA,NA,NA,NA,NA,NA,NA,NA,NA,NA,NA,NA,NA,NA,NA,NA,NA,NA,NA,NA,NA,0.0099,10000,-0.0028,-0.0014,-0.1435,NA,NA,NA,NA,NA,NA,NA,NA,NA,NA,2023-11-11 18:27:34
2023-11-11,"TOR @ BOS","Jrue Holiday","BOS","layup","Jrue Holiday_layup",0.0209,4683,NA,NA,NA,NA,NA,NA,NA,NA,NA,NA,NA,NA,NA,NA,NA,NA,NA,NA,NA,NA,NA,NA,0.05,1900,-0.0291,-0.0153,-1.5311,NA,NA,NA,NA,NA,NA,NA,NA,NA,NA,2023-11-11 18:27:34
2023-11-11,"TOR @ BOS","Jrue Holiday","BOS","other_fg","Jrue Holiday_other_fg",0.0268,3627,NA,NA,NA,NA,NA,NA,NA,NA,NA,NA,NA,NA,NA,NA,NA,NA,NA,NA,NA,NA,NA,NA,0.0455,2100,-0.0186,-0.0098,-0.9756,NA,NA,NA,NA,NA,NA,NA,NA,NA,NA,2023-11-11 18:27:34
2023-11-11,"TOR @ BOS","Jrue Holiday","BOS","three_point","Jrue Holiday_three_point",0.0351,2745,0.0336,2873,NA,NA,NA,NA,NA,NA,NA,NA,NA,NA,NA,NA,NA,NA,NA,0.0385,2500,-0.0048,-0.0025,-0.2512,0.0435,2200,-0.0083,-0.0044,-0.4357,0.0323,3000,0.0014,7e-04,0.071,NA,NA,NA,NA,NA,2023-11-11 18:27:34
2023-11-11,"TOR @ BOS","Dennis Schroder","TOR","dunk","Dennis Schroder_dunk",0.0031,32083,NA,NA,NA,NA,NA,NA,NA,NA,NA,NA,NA,NA,NA,NA,NA,NA,NA,NA,NA,NA,NA,NA,0.004,25000,-9e-04,-4e-04,-0.044,NA,NA,NA,NA,NA,NA,NA,NA,NA,NA,2023-11-11 18:27:34
2023-11-11,"TOR @ BOS","Dennis Schroder","TOR","free_throw","Dennis Schroder_free_throw",0.0069,14486,NA,NA,NA,NA,NA,NA,NA,NA,NA,NA,NA,NA,NA,NA,NA,NA,NA,NA,NA,NA,NA,NA,0.0141,7000,-0.0072,-0.0037,-0.3666,NA,NA,NA,NA,NA,NA,NA,NA,NA,NA,2023-11-11 18:27:34
2023-11-11,"TOR @ BOS","Dennis Schroder","TOR","layup","Dennis Schroder_layup",0.0179,5490,NA,NA,NA,NA,NA,NA,NA,NA,NA,NA,NA,NA,NA,NA,NA,NA,NA,NA,NA,NA,NA,NA,0.0286,3400,-0.0107,-0.0055,-0.5498,NA,NA,NA,NA,NA,NA,NA,NA,NA,NA,2023-11-11 18:27:34
2023-11-11,"TOR @ BOS","Dennis Schroder","TOR","other_fg","Dennis Schroder_other_fg",0.0238,4109,NA,NA,NA,NA,NA,NA,NA,NA,NA,NA,NA,NA,NA,NA,NA,NA,NA,NA,NA,NA,NA,NA,0.0455,2100,-0.0217,-0.0114,-1.1365,NA,NA,NA,NA,NA,NA,NA,NA,NA,NA,2023-11-11 18:27:34
2023-11-11,"TOR @ BOS","Dennis Schroder","TOR","three_point","Dennis Schroder_three_point",0.0202,4860,0.0222,4396,NA,NA,NA,NA,NA,NA,NA,NA,NA,NA,NA,NA,NA,NA,NA,0.0435,2200,-0.0212,-0.0111,-1.1101,0.0217,4500,-0.0016,-8e-04,-0.0807,0.0244,4000,-0.0021,-0.0011,-0.1101,NA,NA,NA,NA,NA,2023-11-11 18:27:34
2023-11-11,"TOR @ BOS","Kristaps Porzingis","BOS","dunk","Kristaps Porzingis_dunk",0.0135,7328,NA,NA,NA,NA,NA,NA,NA,NA,NA,NA,NA,NA,NA,NA,NA,NA,NA,NA,NA,NA,NA,NA,0.0217,4500,-0.0083,-0.0042,-0.423,NA,NA,NA,NA,NA,NA,NA,NA,NA,NA,2023-11-11 18:27:34
2023-11-11,"TOR @ BOS","Kristaps Porzingis","BOS","free_throw","Kristaps Porzingis_free_throw",0.0154,6390,NA,NA,NA,NA,NA,NA,NA,NA,NA,NA,NA,NA,NA,NA,NA,NA,NA,NA,NA,NA,NA,NA,0.0238,4100,-0.0084,-0.0043,-0.4303,NA,NA,NA,NA,NA,NA,NA,NA,NA,NA,2023-11-11 18:27:34
2023-11-11,"TOR @ BOS","Kristaps Porzingis","BOS","layup","Kristaps Porzingis_layup",0.0276,3527,NA,NA,NA,NA,NA,NA,NA,NA,NA,NA,NA,NA,NA,NA,NA,NA,NA,NA,NA,NA,NA,NA,0.0152,6500,0.0124,0.0063,0.6304,NA,NA,NA,NA,NA,NA,NA,NA,NA,NA,2023-11-11 18:27:34
2023-11-11,"TOR @ BOS","Kristaps Porzingis","BOS","other_fg","Kristaps Porzingis_other_fg",0.0586,1605,NA,NA,NA,NA,NA,NA,NA,NA,NA,NA,NA,NA,NA,NA,NA,NA,NA,NA,NA,NA,NA,NA,0.0769,1200,-0.0183,-0.0099,-0.9901,NA,NA,NA,NA,NA,NA,NA,NA,NA,NA,2023-11-11 18:27:34
2023-11-11,"TOR @ BOS","Kristaps Porzingis","BOS","three_point","Kristaps Porzingis_three_point",0.0337,2870,0.0389,2474,NA,NA,NA,NA,NA,NA,NA,NA,NA,NA,NA,NA,NA,NA,NA,0.0435,2200,-0.0046,-0.0024,-0.2418,0.0435,2200,-0.0098,-0.0051,-0.5126,0.0476,2000,-0.0088,-0.0046,-0.4602,NA,NA,NA,NA,NA,2023-11-11 18:27:34
2023-11-11,"TOR @ BOS","Jakob Poeltl","TOR","dunk","Jakob Poeltl_dunk",0.007,14243,NA,NA,NA,NA,NA,NA,NA,NA,NA,NA,NA,NA,NA,NA,NA,NA,NA,NA,NA,NA,NA,NA,0.009,11000,-0.002,-0.001,-0.1028,NA,NA,NA,NA,NA,NA,NA,NA,NA,NA,2023-11-11 18:27:34
2023-11-11,"TOR @ BOS","Jakob Poeltl","TOR","free_throw","Jakob Poeltl_free_throw",0.0082,12104,NA,NA,NA,NA,NA,NA,NA,NA,NA,NA,NA,NA,NA,NA,NA,NA,NA,NA,NA,NA,NA,NA,0.0083,12000,-1e-04,0,-0.0035,NA,NA,NA,NA,NA,NA,NA,NA,NA,NA,2023-11-11 18:27:34
2023-11-11,"TOR @ BOS","Jakob Poeltl","TOR","layup","Jakob Poeltl_layup",0.0387,2481,NA,NA,NA,NA,NA,NA,NA,NA,NA,NA,NA,NA,NA,NA,NA,NA,NA,NA,NA,NA,NA,NA,0.04,2400,-0.0013,-7e-04,-0.0656,NA,NA,NA,NA,NA,NA,NA,NA,NA,NA,2023-11-11 18:27:34
2023-11-11,"TOR @ BOS","Jakob Poeltl","TOR","other_fg","Jakob Poeltl_other_fg",0.0388,2475,NA,NA,NA,NA,NA,NA,NA,NA,NA,NA,NA,NA,NA,NA,NA,NA,NA,NA,NA,NA,NA,NA,0.0323,3000,0.0066,0.0034,0.3395,NA,NA,NA,NA,NA,NA,NA,NA,NA,NA,2023-11-11 18:27:34
2023-11-11,"TOR @ BOS","Jakob Poeltl","TOR","three_point","Jakob Poeltl_three_point",0.0058,17259,0.0063,15839,NA,NA,NA,NA,NA,NA,NA,NA,NA,NA,NA,NA,NA,NA,NA,0.0099,10000,-0.0036,-0.0018,-0.1832,0.004,25000,0.0018,9e-04,0.0892,0.0099,10000,-0.0036,-0.0018,-0.1832,NA,NA,NA,NA,NA,2023-11-11 18:27:34
2023-11-11,"TOR @ BOS","Jaylen Brown","BOS","dunk","Jaylen Brown_dunk",0.0062,16111,NA,NA,NA,NA,NA,NA,NA,NA,NA,NA,NA,NA,NA,NA,NA,NA,NA,NA,NA,NA,NA,NA,0.0116,8500,-0.0055,-0.0028,-0.2762,NA,NA,NA,NA,NA,NA,NA,NA,NA,NA,2023-11-11 18:27:34
2023-11-11,"TOR @ BOS","Jaylen Brown","BOS","free_throw","Jaylen Brown_free_throw",0.0109,9107,NA,NA,NA,NA,NA,NA,NA,NA,NA,NA,NA,NA,NA,NA,NA,NA,NA,NA,NA,NA,NA,NA,0.011,9000,-1e-04,-1e-04,-0.0064,NA,NA,NA,NA,NA,NA,NA,NA,NA,NA,2023-11-11 18:27:34
2023-11-11,"TOR @ BOS","Jaylen Brown","BOS","layup","Jaylen Brown_layup",0.031,3129,NA,NA,NA,NA,NA,NA,NA,NA,NA,NA,NA,NA,NA,NA,NA,NA,NA,NA,NA,NA,NA,NA,0.0556,1700,-0.0246,-0.013,-1.3014,NA,NA,NA,NA,NA,NA,NA,NA,NA,NA,2023-11-11 18:27:34
2023-11-11,"TOR @ BOS","Jaylen Brown","BOS","other_fg","Jaylen Brown_other_fg",0.039,2464,NA,NA,NA,NA,NA,NA,NA,NA,NA,NA,NA,NA,NA,NA,NA,NA,NA,NA,NA,NA,NA,NA,0.0588,1600,-0.0198,-0.0105,-1.0529,NA,NA,NA,NA,NA,NA,NA,NA,NA,NA,2023-11-11 18:27:34
2023-11-11,"TOR @ BOS","Jaylen Brown","BOS","three_point","Jaylen Brown_three_point",0.04,2403,0.0425,2251,NA,NA,NA,NA,NA,NA,NA,NA,NA,NA,NA,NA,NA,NA,NA,0.0385,2500,0.0041,0.0021,0.2116,0.0435,2200,-0.0035,-0.0018,-0.1841,0.0476,2000,-0.0051,-0.0027,-0.2672,NA,NA,NA,NA,NA,2023-11-11 18:27:34
2023-11-11,"TOR @ BOS","Pascal Siakam","TOR","dunk","Pascal Siakam_dunk",0.0046,21722,NA,NA,NA,NA,NA,NA,NA,NA,NA,NA,NA,NA,NA,NA,NA,NA,NA,NA,NA,NA,NA,NA,0.0099,10000,-0.0053,-0.0027,-0.2686,NA,NA,NA,NA,NA,NA,NA,NA,NA,NA,2023-11-11 18:27:34
2023-11-11,"TOR @ BOS","Pascal Siakam","TOR","free_throw","Pascal Siakam_free_throw",0.0114,8639,NA,NA,NA,NA,NA,NA,NA,NA,NA,NA,NA,NA,NA,NA,NA,NA,NA,NA,NA,NA,NA,NA,0.0208,4700,-0.0094,-0.0048,-0.4795,NA,NA,NA,NA,NA,NA,NA,NA,NA,NA,2023-11-11 18:27:34
2023-11-11,"TOR @ BOS","Pascal Siakam","TOR","layup","Pascal Siakam_layup",0.0329,2936,NA,NA,NA,NA,NA,NA,NA,NA,NA,NA,NA,NA,NA,NA,NA,NA,NA,NA,NA,NA,NA,NA,0.0385,2500,-0.0055,-0.0029,-0.2874,NA,NA,NA,NA,NA,NA,NA,NA,NA,NA,2023-11-11 18:27:34
2023-11-11,"TOR @ BOS","Pascal Siakam","TOR","other_fg","Pascal Siakam_other_fg",0.0436,2193,NA,NA,NA,NA,NA,NA,NA,NA,NA,NA,NA,NA,NA,NA,NA,NA,NA,NA,NA,NA,NA,NA,0.0714,1300,-0.0278,-0.015,-1.4974,NA,NA,NA,NA,NA,NA,NA,NA,NA,NA,2023-11-11 18:27:34
2023-11-11,"TOR @ BOS","Pascal Siakam","TOR","three_point","Pascal Siakam_three_point",0.0168,5836,0.0178,5521,NA,NA,NA,NA,NA,NA,NA,NA,NA,NA,NA,NA,NA,NA,NA,0.0323,3000,-0.0145,-0.0075,-0.7475,0.0179,5500,-0.001,-5e-04,-0.0515,0.0244,4000,-0.0066,-0.0034,-0.3383,NA,NA,NA,NA,NA,2023-11-11 18:27:34
2023-11-11,"TOR @ BOS","Jayson Tatum","BOS","dunk","Jayson Tatum_dunk",0.0082,12054,NA,NA,NA,NA,NA,NA,NA,NA,NA,NA,NA,NA,NA,NA,NA,NA,NA,NA,NA,NA,NA,NA,0.0179,5500,-0.0096,-0.0049,-0.4902,NA,NA,NA,NA,NA,NA,NA,NA,NA,NA,2023-11-11 18:27:34
2023-11-11,"TOR @ BOS","Jayson Tatum","BOS","free_throw","Jayson Tatum_free_throw",0.0161,6130,NA,NA,NA,NA,NA,NA,NA,NA,NA,NA,NA,NA,NA,NA,NA,NA,NA,NA,NA,NA,NA,NA,0.027,3600,-0.011,-0.0056,-0.564,NA,NA,NA,NA,NA,NA,NA,NA,NA,NA,2023-11-11 18:27:34
2023-11-11,"TOR @ BOS","Jayson Tatum","BOS","layup","Jayson Tatum_layup",0.0366,2636,NA,NA,NA,NA,NA,NA,NA,NA,NA,NA,NA,NA,NA,NA,NA,NA,NA,NA,NA,NA,NA,NA,0.0625,1500,-0.0259,-0.0138,-1.3839,NA,NA,NA,NA,NA,NA,NA,NA,NA,NA,2023-11-11 18:27:34
2023-11-11,"TOR @ BOS","Jayson Tatum","BOS","other_fg","Jayson Tatum_other_fg",0.0338,2854,NA,NA,NA,NA,NA,NA,NA,NA,NA,NA,NA,NA,NA,NA,NA,NA,NA,NA,NA,NA,NA,NA,0.0455,2100,-0.0116,-0.0061,-0.6079,NA,NA,NA,NA,NA,NA,NA,NA,NA,NA,2023-11-11 18:27:34
2023-11-11,"TOR @ BOS","Jayson Tatum","BOS","three_point","Jayson Tatum_three_point",0.0333,2903,0.0392,2449,NA,NA,NA,NA,NA,NA,NA,NA,NA,NA,NA,NA,NA,NA,NA,0.0435,2200,-0.0043,-0.0022,-0.2223,0.0385,2500,-0.0052,-0.0027,-0.2685,0.0476,2000,-0.0084,-0.0044,-0.4407,NA,NA,NA,NA,NA,2023-11-11 18:27:34
2023-11-11,"TOR @ BOS","O.G. Anunoby","TOR","dunk","O.G. Anunoby_dunk",0.006,16557,NA,NA,NA,NA,NA,NA,NA,NA,NA,NA,NA,NA,NA,NA,NA,NA,NA,NA,NA,NA,NA,NA,NA,NA,NA,NA,NA,NA,NA,NA,NA,NA,NA,NA,NA,NA,NA,2023-11-11 18:27:34
2023-11-11,"TOR @ BOS","O.G. Anunoby","TOR","free_throw","O.G. Anunoby_free_throw",0.0064,15633,NA,NA,NA,NA,NA,NA,NA,NA,NA,NA,NA,NA,NA,NA,NA,NA,NA,NA,NA,NA,NA,NA,NA,NA,NA,NA,NA,NA,NA,NA,NA,NA,NA,NA,NA,NA,NA,2023-11-11 18:27:34
2023-11-11,"TOR @ BOS","O.G. Anunoby","TOR","layup","O.G. Anunoby_layup",0.0142,6967,NA,NA,NA,NA,NA,NA,NA,NA,NA,NA,NA,NA,NA,NA,NA,NA,NA,NA,NA,NA,NA,NA,NA,NA,NA,NA,NA,NA,NA,NA,NA,NA,NA,NA,NA,NA,NA,2023-11-11 18:27:34
2023-11-11,"TOR @ BOS","O.G. Anunoby","TOR","other_fg","O.G. Anunoby_other_fg",0.0114,8686,NA,NA,NA,NA,NA,NA,NA,NA,NA,NA,NA,NA,NA,NA,NA,NA,NA,NA,NA,NA,NA,NA,NA,NA,NA,NA,NA,NA,NA,NA,NA,NA,NA,NA,NA,NA,NA,2023-11-11 18:27:34
2023-11-11,"TOR @ BOS","O.G. Anunoby","TOR","three_point","O.G. Anunoby_three_point",0.0067,14777,0.0088,11225,NA,NA,NA,NA,NA,NA,NA,NA,NA,NA,NA,NA,NA,NA,NA,NA,NA,NA,NA,NA,NA,NA,NA,NA,NA,NA,NA,NA,NA,NA,NA,NA,NA,NA,NA,2023-11-11 18:27:34
2023-11-11,"TOR @ BOS","Derrick White","BOS","dunk","Derrick White_dunk",0.0049,20217,NA,NA,NA,NA,NA,NA,NA,NA,NA,NA,NA,NA,NA,NA,NA,NA,NA,NA,NA,NA,NA,NA,0.004,25000,9e-04,5e-04,0.0471,NA,NA,NA,NA,NA,NA,NA,NA,NA,NA,2023-11-11 18:27:34
2023-11-11,"TOR @ BOS","Derrick White","BOS","free_throw","Derrick White_free_throw",0.0072,13848,NA,NA,NA,NA,NA,NA,NA,NA,NA,NA,NA,NA,NA,NA,NA,NA,NA,NA,NA,NA,NA,NA,0.009,11000,-0.0018,-9e-04,-0.0928,NA,NA,NA,NA,NA,NA,NA,NA,NA,NA,2023-11-11 18:27:34
2023-11-11,"TOR @ BOS","Derrick White","BOS","layup","Derrick White_layup",0.0183,5377,NA,NA,NA,NA,NA,NA,NA,NA,NA,NA,NA,NA,NA,NA,NA,NA,NA,NA,NA,NA,NA,NA,0.0238,4100,-0.0056,-0.0028,-0.2844,NA,NA,NA,NA,NA,NA,NA,NA,NA,NA,2023-11-11 18:27:34
2023-11-11,"TOR @ BOS","Derrick White","BOS","other_fg","Derrick White_other_fg",0.0169,5817,NA,NA,NA,NA,NA,NA,NA,NA,NA,NA,NA,NA,NA,NA,NA,NA,NA,NA,NA,NA,NA,NA,0.0244,4000,-0.0075,-0.0038,-0.3839,NA,NA,NA,NA,NA,NA,NA,NA,NA,NA,2023-11-11 18:27:34
2023-11-11,"TOR @ BOS","Derrick White","BOS","three_point","Derrick White_three_point",0.0345,2800,0.0367,2625,NA,NA,NA,NA,NA,NA,NA,NA,NA,NA,NA,NA,NA,NA,NA,0.05,1900,-0.0133,-0.007,-0.7004,0.037,2600,-0.0026,-0.0013,-0.1327,0.0435,2200,-0.0068,-0.0035,-0.3548,NA,NA,NA,NA,NA,2023-11-11 18:27:34
2023-11-11,"TOR @ BOS","Scottie Barnes","TOR","dunk","Scottie Barnes_dunk",0.008,12336,NA,NA,NA,NA,NA,NA,NA,NA,NA,NA,NA,NA,NA,NA,NA,NA,NA,NA,NA,NA,NA,NA,0.0152,6500,-0.0071,-0.0036,-0.361,NA,NA,NA,NA,NA,NA,NA,NA,NA,NA,2023-11-11 18:27:34
2023-11-11,"TOR @ BOS","Scottie Barnes","TOR","free_throw","Scottie Barnes_free_throw",0.0087,11356,NA,NA,NA,NA,NA,NA,NA,NA,NA,NA,NA,NA,NA,NA,NA,NA,NA,NA,NA,NA,NA,NA,0.0104,9500,-0.0017,-9e-04,-0.0853,NA,NA,NA,NA,NA,NA,NA,NA,NA,NA,2023-11-11 18:27:34
2023-11-11,"TOR @ BOS","Scottie Barnes","TOR","layup","Scottie Barnes_layup",0.0271,3595,NA,NA,NA,NA,NA,NA,NA,NA,NA,NA,NA,NA,NA,NA,NA,NA,NA,NA,NA,NA,NA,NA,0.0286,3400,-0.0015,-8e-04,-0.0776,NA,NA,NA,NA,NA,NA,NA,NA,NA,NA,2023-11-11 18:27:34
2023-11-11,"TOR @ BOS","Scottie Barnes","TOR","other_fg","Scottie Barnes_other_fg",0.0379,2540,NA,NA,NA,NA,NA,NA,NA,NA,NA,NA,NA,NA,NA,NA,NA,NA,NA,NA,NA,NA,NA,NA,0.0455,2100,-0.0076,-0.004,-0.3965,NA,NA,NA,NA,NA,NA,NA,NA,NA,NA,2023-11-11 18:27:34
2023-11-11,"TOR @ BOS","Scottie Barnes","TOR","three_point","Scottie Barnes_three_point",0.0147,6713,0.0165,5970,NA,NA,NA,NA,NA,NA,NA,NA,NA,NA,NA,NA,NA,NA,NA,0.0435,2200,-0.027,-0.0141,-1.4116,0.0099,10000,0.0048,0.0024,0.2413,0.0244,4000,-0.0079,-0.0041,-0.4057,NA,NA,NA,NA,NA,2023-11-11 18:27:34
2023-11-11,"MIA @ ATL","Kyle Lowry","MIA","dunk","Kyle Lowry_dunk",0.0034,29160,NA,NA,NA,NA,NA,NA,NA,NA,NA,NA,NA,NA,NA,NA,NA,NA,NA,NA,NA,NA,NA,NA,0.004,25000,-6e-04,-3e-04,-0.0284,NA,NA,NA,NA,NA,NA,NA,NA,NA,NA,2023-11-11 18:27:34
2023-11-11,"MIA @ ATL","Kyle Lowry","MIA","free_throw","Kyle Lowry_free_throw",0.0057,17593,NA,NA,NA,NA,NA,NA,NA,NA,NA,NA,NA,NA,NA,NA,NA,NA,NA,NA,NA,NA,NA,NA,0.011,9000,-0.0053,-0.0027,-0.2698,NA,NA,NA,NA,NA,NA,NA,NA,NA,NA,2023-11-11 18:27:34
2023-11-11,"MIA @ ATL","Kyle Lowry","MIA","layup","Kyle Lowry_layup",0.013,7593,NA,NA,NA,NA,NA,NA,NA,NA,NA,NA,NA,NA,NA,NA,NA,NA,NA,NA,NA,NA,NA,NA,0.0179,5500,-0.0049,-0.0025,-0.2473,NA,NA,NA,NA,NA,NA,NA,NA,NA,NA,2023-11-11 18:27:34
2023-11-11,"MIA @ ATL","Kyle Lowry","MIA","other_fg","Kyle Lowry_other_fg",0.0209,4674,NA,NA,NA,NA,NA,NA,NA,NA,NA,NA,NA,NA,NA,NA,NA,NA,NA,NA,NA,NA,NA,NA,0.0263,3700,-0.0054,-0.0028,-0.2757,NA,NA,NA,NA,NA,NA,NA,NA,NA,NA,2023-11-11 18:27:34
2023-11-11,"MIA @ ATL","Kyle Lowry","MIA","three_point","Kyle Lowry_three_point",0.033,2929,0.0335,2887,NA,NA,NA,NA,NA,NA,NA,NA,NA,NA,NA,NA,NA,NA,NA,NA,NA,NA,NA,NA,0.05,1900,-0.017,-0.0089,-0.8942,0.0476,2000,-0.0141,-0.0074,-0.7425,NA,NA,NA,NA,NA,2023-11-11 18:27:34
2023-11-11,"MIA @ ATL","Clint Capela","ATL","dunk","Clint Capela_dunk",0.0289,3357,NA,NA,NA,NA,NA,NA,NA,NA,NA,NA,NA,NA,NA,NA,NA,NA,NA,NA,NA,NA,NA,NA,0.0455,2100,-0.0165,-0.0087,-0.8656,NA,NA,NA,NA,NA,NA,NA,NA,NA,NA,2023-11-11 18:27:34
2023-11-11,"MIA @ ATL","Clint Capela","ATL","free_throw","Clint Capela_free_throw",0.0069,14424,NA,NA,NA,NA,NA,NA,NA,NA,NA,NA,NA,NA,NA,NA,NA,NA,NA,NA,NA,NA,NA,NA,0.0083,12000,-0.0014,-7e-04,-0.0695,NA,NA,NA,NA,NA,NA,NA,NA,NA,NA,2023-11-11 18:27:34
2023-11-11,"MIA @ ATL","Clint Capela","ATL","layup","Clint Capela_layup",0.0334,2898,NA,NA,NA,NA,NA,NA,NA,NA,NA,NA,NA,NA,NA,NA,NA,NA,NA,NA,NA,NA,NA,NA,0.0385,2500,-0.0051,-0.0027,-0.2654,NA,NA,NA,NA,NA,NA,NA,NA,NA,NA,2023-11-11 18:27:34
2023-11-11,"MIA @ ATL","Clint Capela","ATL","other_fg","Clint Capela_other_fg",0.0174,5659,NA,NA,NA,NA,NA,NA,NA,NA,NA,NA,NA,NA,NA,NA,NA,NA,NA,NA,NA,NA,NA,NA,0.011,9000,0.0064,0.0032,0.3223,NA,NA,NA,NA,NA,NA,NA,NA,NA,NA,2023-11-11 18:27:34
2023-11-11,"MIA @ ATL","Clint Capela","ATL","three_point","Clint Capela_three_point",0.0054,18296,0.0054,18546,NA,NA,NA,NA,NA,NA,NA,NA,NA,NA,NA,NA,NA,NA,NA,NA,NA,NA,NA,NA,0.004,25000,0.0015,7e-04,0.0729,0.0099,10000,-0.0045,-0.0023,-0.2292,NA,NA,NA,NA,NA,2023-11-11 18:27:34
2023-11-11,"MIA @ ATL","Dejounte Murray","ATL","dunk","Dejounte Murray_dunk",0.0042,23860,NA,NA,NA,NA,NA,NA,NA,NA,NA,NA,NA,NA,NA,NA,NA,NA,NA,NA,NA,NA,NA,NA,0.0062,16000,-0.002,-0.001,-0.1025,NA,NA,NA,NA,NA,NA,NA,NA,NA,NA,2023-11-11 18:27:34
2023-11-11,"MIA @ ATL","Dejounte Murray","ATL","free_throw","Dejounte Murray_free_throw",0.0084,11747,NA,NA,NA,NA,NA,NA,NA,NA,NA,NA,NA,NA,NA,NA,NA,NA,NA,NA,NA,NA,NA,NA,0.0099,10000,-0.0015,-7e-04,-0.0737,NA,NA,NA,NA,NA,NA,NA,NA,NA,NA,2023-11-11 18:27:34
2023-11-11,"MIA @ ATL","Dejounte Murray","ATL","layup","Dejounte Murray_layup",0.0242,4030,NA,NA,NA,NA,NA,NA,NA,NA,NA,NA,NA,NA,NA,NA,NA,NA,NA,NA,NA,NA,NA,NA,0.0385,2500,-0.0142,-0.0074,-0.741,NA,NA,NA,NA,NA,NA,NA,NA,NA,NA,2023-11-11 18:27:34
2023-11-11,"MIA @ ATL","Dejounte Murray","ATL","other_fg","Dejounte Murray_other_fg",0.0406,2362,NA,NA,NA,NA,NA,NA,NA,NA,NA,NA,NA,NA,NA,NA,NA,NA,NA,NA,NA,NA,NA,NA,0.0714,1300,-0.0308,-0.0166,-1.6591,NA,NA,NA,NA,NA,NA,NA,NA,NA,NA,2023-11-11 18:27:34
2023-11-11,"MIA @ ATL","Dejounte Murray","ATL","three_point","Dejounte Murray_three_point",0.0246,3959,0.0261,3725,NA,NA,NA,NA,NA,NA,NA,NA,NA,NA,NA,NA,NA,NA,NA,NA,NA,NA,NA,NA,0.027,3600,-0.0024,-0.0012,-0.1229,0.0323,3000,-0.0061,-0.0032,-0.3157,NA,NA,NA,NA,NA,2023-11-11 18:27:34
2023-11-11,"MIA @ ATL","Bam Adebayo","MIA","dunk","Bam Adebayo_dunk",0.0127,7776,NA,NA,NA,NA,NA,NA,NA,NA,NA,NA,NA,NA,NA,NA,NA,NA,NA,NA,NA,NA,NA,NA,0.0455,2100,-0.0328,-0.0172,-1.7159,NA,NA,NA,NA,NA,NA,NA,NA,NA,NA,2023-11-11 18:27:34
2023-11-11,"MIA @ ATL","Bam Adebayo","MIA","free_throw","Bam Adebayo_free_throw",0.0137,7174,NA,NA,NA,NA,NA,NA,NA,NA,NA,NA,NA,NA,NA,NA,NA,NA,NA,NA,NA,NA,NA,NA,0.027,3600,-0.0133,-0.0068,-0.6825,NA,NA,NA,NA,NA,NA,NA,NA,NA,NA,2023-11-11 18:27:34
2023-11-11,"MIA @ ATL","Bam Adebayo","MIA","layup","Bam Adebayo_layup",0.0348,2773,NA,NA,NA,NA,NA,NA,NA,NA,NA,NA,NA,NA,NA,NA,NA,NA,NA,NA,NA,NA,NA,NA,0.04,2400,-0.0052,-0.0027,-0.2707,NA,NA,NA,NA,NA,NA,NA,NA,NA,NA,2023-11-11 18:27:34
2023-11-11,"MIA @ ATL","Bam Adebayo","MIA","other_fg","Bam Adebayo_other_fg",0.0999,901,NA,NA,NA,NA,NA,NA,NA,NA,NA,NA,NA,NA,NA,NA,NA,NA,NA,NA,NA,NA,NA,NA,0.1111,800,-0.0112,-0.0063,-0.6322,NA,NA,NA,NA,NA,NA,NA,NA,NA,NA,2023-11-11 18:27:34
2023-11-11,"MIA @ ATL","Bam Adebayo","MIA","three_point","Bam Adebayo_three_point",0.0082,12089,0.0073,13659,NA,NA,NA,NA,NA,NA,NA,NA,NA,NA,NA,NA,NA,NA,NA,NA,NA,NA,NA,NA,0.004,25000,0.0042,0.0021,0.2118,0.0099,10000,-0.0026,-0.0013,-0.133,NA,NA,NA,NA,NA,2023-11-11 18:27:34
2023-11-11,"MIA @ ATL","Trae Young","ATL","dunk","Trae Young_dunk",0.003,32726,NA,NA,NA,NA,NA,NA,NA,NA,NA,NA,NA,NA,NA,NA,NA,NA,NA,NA,NA,NA,NA,NA,0.004,25000,-9e-04,-5e-04,-0.0471,NA,NA,NA,NA,NA,NA,NA,NA,NA,NA,2023-11-11 18:27:34
2023-11-11,"MIA @ ATL","Trae Young","ATL","free_throw","Trae Young_free_throw",0.0132,7472,NA,NA,NA,NA,NA,NA,NA,NA,NA,NA,NA,NA,NA,NA,NA,NA,NA,NA,NA,NA,NA,NA,0.025,3900,-0.0118,-0.006,-0.6048,NA,NA,NA,NA,NA,NA,NA,NA,NA,NA,2023-11-11 18:27:34
2023-11-11,"MIA @ ATL","Trae Young","ATL","layup","Trae Young_layup",0.0217,4499,NA,NA,NA,NA,NA,NA,NA,NA,NA,NA,NA,NA,NA,NA,NA,NA,NA,NA,NA,NA,NA,NA,0.0238,4100,-0.0021,-0.0011,-0.1057,NA,NA,NA,NA,NA,NA,NA,NA,NA,NA,2023-11-11 18:27:34
2023-11-11,"MIA @ ATL","Trae Young","ATL","other_fg","Trae Young_other_fg",0.0485,1961,NA,NA,NA,NA,NA,NA,NA,NA,NA,NA,NA,NA,NA,NA,NA,NA,NA,NA,NA,NA,NA,NA,0.0909,1000,-0.0424,-0.0233,-2.3315,NA,NA,NA,NA,NA,NA,NA,NA,NA,NA,2023-11-11 18:27:34
2023-11-11,"MIA @ ATL","Trae Young","ATL","three_point","Trae Young_three_point",0.0255,3819,0.0323,2992,NA,NA,NA,NA,NA,NA,NA,NA,NA,NA,NA,NA,NA,NA,NA,NA,NA,NA,NA,NA,0.0333,2900,-0.0078,-0.004,-0.4044,0.0385,2500,-0.0061,-0.0032,-0.3184,NA,NA,NA,NA,NA,2023-11-11 18:27:34
2023-11-11,"MIA @ ATL","Duncan Robinson","MIA","dunk","Duncan Robinson_dunk",0.0034,29505,NA,NA,NA,NA,NA,NA,NA,NA,NA,NA,NA,NA,NA,NA,NA,NA,NA,NA,NA,NA,NA,NA,0.004,25000,-6e-04,-3e-04,-0.0304,NA,NA,NA,NA,NA,NA,NA,NA,NA,NA,2023-11-11 18:27:34
2023-11-11,"MIA @ ATL","Duncan Robinson","MIA","free_throw","Duncan Robinson_free_throw",0.0057,17311,NA,NA,NA,NA,NA,NA,NA,NA,NA,NA,NA,NA,NA,NA,NA,NA,NA,NA,NA,NA,NA,NA,0.009,11000,-0.0033,-0.0016,-0.1648,NA,NA,NA,NA,NA,NA,NA,NA,NA,NA,2023-11-11 18:27:34
2023-11-11,"MIA @ ATL","Duncan Robinson","MIA","layup","Duncan Robinson_layup",0.0166,5906,NA,NA,NA,NA,NA,NA,NA,NA,NA,NA,NA,NA,NA,NA,NA,NA,NA,NA,NA,NA,NA,NA,0.0263,3700,-0.0097,-0.005,-0.4964,NA,NA,NA,NA,NA,NA,NA,NA,NA,NA,2023-11-11 18:27:34
2023-11-11,"MIA @ ATL","Duncan Robinson","MIA","other_fg","Duncan Robinson_other_fg",0.0133,7439,NA,NA,NA,NA,NA,NA,NA,NA,NA,NA,NA,NA,NA,NA,NA,NA,NA,NA,NA,NA,NA,NA,0.0196,5000,-0.0063,-0.0032,-0.3235,NA,NA,NA,NA,NA,NA,NA,NA,NA,NA,2023-11-11 18:27:34
2023-11-11,"MIA @ ATL","Duncan Robinson","MIA","three_point","Duncan Robinson_three_point",0.0482,1973,0.0478,1993,NA,NA,NA,NA,NA,NA,NA,NA,NA,NA,NA,NA,NA,NA,NA,NA,NA,NA,NA,NA,0.1,900,-0.0518,-0.0288,-2.8756,0.0909,1000,-0.0431,-0.0237,-2.3719,NA,NA,NA,NA,NA,2023-11-11 18:27:34
2023-11-11,"MIA @ ATL","Haywood Highsmith","MIA","dunk","Haywood Highsmith_dunk",0.0073,13668,NA,NA,NA,NA,NA,NA,NA,NA,NA,NA,NA,NA,NA,NA,NA,NA,NA,NA,NA,NA,NA,NA,0.011,9000,-0.0037,-0.0019,-0.1883,NA,NA,NA,NA,NA,NA,NA,NA,NA,NA,2023-11-11 18:27:34
2023-11-11,"MIA @ ATL","Haywood Highsmith","MIA","free_throw","Haywood Highsmith_free_throw",0.0077,12948,NA,NA,NA,NA,NA,NA,NA,NA,NA,NA,NA,NA,NA,NA,NA,NA,NA,NA,NA,NA,NA,NA,0.0055,18000,0.0021,0.0011,0.1076,NA,NA,NA,NA,NA,NA,NA,NA,NA,NA,2023-11-11 18:27:34
2023-11-11,"MIA @ ATL","Haywood Highsmith","MIA","layup","Haywood Highsmith_layup",0.0283,3428,NA,NA,NA,NA,NA,NA,NA,NA,NA,NA,NA,NA,NA,NA,NA,NA,NA,NA,NA,NA,NA,NA,0.0286,3400,-2e-04,-1e-04,-0.0116,NA,NA,NA,NA,NA,NA,NA,NA,NA,NA,2023-11-11 18:27:34
2023-11-11,"MIA @ ATL","Haywood Highsmith","MIA","other_fg","Haywood Highsmith_other_fg",0.0194,5052,NA,NA,NA,NA,NA,NA,NA,NA,NA,NA,NA,NA,NA,NA,NA,NA,NA,NA,NA,NA,NA,NA,0.0196,5000,-2e-04,-1e-04,-0.0101,NA,NA,NA,NA,NA,NA,NA,NA,NA,NA,2023-11-11 18:27:34
2023-11-11,"MIA @ ATL","Haywood Highsmith","MIA","three_point","Haywood Highsmith_three_point",0.0296,3274,0.0346,2791,NA,NA,NA,NA,NA,NA,NA,NA,NA,NA,NA,NA,NA,NA,NA,NA,NA,NA,NA,NA,0.0323,3000,-0.0026,-0.0014,-0.1353,0.0435,2200,-0.0089,-0.0046,-0.4649,NA,NA,NA,NA,NA,2023-11-11 18:27:34
2023-11-11,"MIA @ ATL","De'Andre Hunter","ATL","dunk","De'Andre Hunter_dunk",0.005,19971,NA,NA,NA,NA,NA,NA,NA,NA,NA,NA,NA,NA,NA,NA,NA,NA,NA,NA,NA,NA,NA,NA,0.0099,10000,-0.0049,-0.0025,-0.2484,NA,NA,NA,NA,NA,NA,NA,NA,NA,NA,2023-11-11 18:27:34
2023-11-11,"MIA @ ATL","De'Andre Hunter","ATL","free_throw","De'Andre Hunter_free_throw",0.0073,13577,NA,NA,NA,NA,NA,NA,NA,NA,NA,NA,NA,NA,NA,NA,NA,NA,NA,NA,NA,NA,NA,NA,0.0123,8000,-0.005,-0.0025,-0.2549,NA,NA,NA,NA,NA,NA,NA,NA,NA,NA,2023-11-11 18:27:34
2023-11-11,"MIA @ ATL","De'Andre Hunter","ATL","layup","De'Andre Hunter_layup",0.0161,6099,NA,NA,NA,NA,NA,NA,NA,NA,NA,NA,NA,NA,NA,NA,NA,NA,NA,NA,NA,NA,NA,NA,0.0179,5500,-0.0017,-9e-04,-0.0878,NA,NA,NA,NA,NA,NA,NA,NA,NA,NA,2023-11-11 18:27:34
2023-11-11,"MIA @ ATL","De'Andre Hunter","ATL","other_fg","De'Andre Hunter_other_fg",0.0387,2483,NA,NA,NA,NA,NA,NA,NA,NA,NA,NA,NA,NA,NA,NA,NA,NA,NA,NA,NA,NA,NA,NA,0.0667,1400,-0.028,-0.015,-1.4977,NA,NA,NA,NA,NA,NA,NA,NA,NA,NA,2023-11-11 18:27:34
2023-11-11,"MIA @ ATL","De'Andre Hunter","ATL","three_point","De'Andre Hunter_three_point",0.0252,3876,0.0317,3058,NA,NA,NA,NA,NA,NA,NA,NA,NA,NA,NA,NA,NA,NA,NA,NA,NA,NA,NA,NA,0.0323,3000,-0.0071,-0.0037,-0.3671,0.0345,2800,-0.0028,-0.0015,-0.146,NA,NA,NA,NA,NA,2023-11-11 18:27:34
2023-11-11,"MIA @ ATL","Jalen Johnson","ATL","dunk","Jalen Johnson_dunk",0.0162,6072,NA,NA,NA,NA,NA,NA,NA,NA,NA,NA,NA,NA,NA,NA,NA,NA,NA,NA,NA,NA,NA,NA,0.027,3600,-0.0108,-0.0056,-0.5562,NA,NA,NA,NA,NA,NA,NA,NA,NA,NA,2023-11-11 18:27:34
2023-11-11,"MIA @ ATL","Jalen Johnson","ATL","free_throw","Jalen Johnson_free_throw",0.0094,10549,NA,NA,NA,NA,NA,NA,NA,NA,NA,NA,NA,NA,NA,NA,NA,NA,NA,NA,NA,NA,NA,NA,0.009,11000,4e-04,2e-04,0.0192,NA,NA,NA,NA,NA,NA,NA,NA,NA,NA,2023-11-11 18:27:34
2023-11-11,"MIA @ ATL","Jalen Johnson","ATL","layup","Jalen Johnson_layup",0.0292,3326,NA,NA,NA,NA,NA,NA,NA,NA,NA,NA,NA,NA,NA,NA,NA,NA,NA,NA,NA,NA,NA,NA,0.0357,2700,-0.0065,-0.0034,-0.3386,NA,NA,NA,NA,NA,NA,NA,NA,NA,NA,2023-11-11 18:27:34
2023-11-11,"MIA @ ATL","Jalen Johnson","ATL","other_fg","Jalen Johnson_other_fg",0.025,3901,NA,NA,NA,NA,NA,NA,NA,NA,NA,NA,NA,NA,NA,NA,NA,NA,NA,NA,NA,NA,NA,NA,0.0217,4500,0.0033,0.0017,0.1662,NA,NA,NA,NA,NA,NA,NA,NA,NA,NA,2023-11-11 18:27:34
2023-11-11,"MIA @ ATL","Jalen Johnson","ATL","three_point","Jalen Johnson_three_point",0.0228,4287,0.0241,4042,NA,NA,NA,NA,NA,NA,NA,NA,NA,NA,NA,NA,NA,NA,NA,NA,NA,NA,NA,NA,0.0227,4300,1e-04,0,0.0033,0.0196,5000,0.0045,0.0023,0.2312,NA,NA,NA,NA,NA,2023-11-11 18:27:34
2023-11-11,"MIA @ ATL","Jaime Jaquez Jr.","MIA","dunk","Jaime Jaquez Jr._dunk",0.0056,17633,NA,NA,NA,NA,NA,NA,NA,NA,NA,NA,NA,NA,NA,NA,NA,NA,NA,NA,NA,NA,NA,NA,NA,NA,NA,NA,NA,NA,NA,NA,NA,NA,NA,NA,NA,NA,NA,2023-11-11 18:27:34
2023-11-11,"MIA @ ATL","Jaime Jaquez Jr.","MIA","free_throw","Jaime Jaquez Jr._free_throw",0.0055,18117,NA,NA,NA,NA,NA,NA,NA,NA,NA,NA,NA,NA,NA,NA,NA,NA,NA,NA,NA,NA,NA,NA,NA,NA,NA,NA,NA,NA,NA,NA,NA,NA,NA,NA,NA,NA,NA,2023-11-11 18:27:34
2023-11-11,"MIA @ ATL","Jaime Jaquez Jr.","MIA","layup","Jaime Jaquez Jr._layup",0.0261,3731,NA,NA,NA,NA,NA,NA,NA,NA,NA,NA,NA,NA,NA,NA,NA,NA,NA,NA,NA,NA,NA,NA,NA,NA,NA,NA,NA,NA,NA,NA,NA,NA,NA,NA,NA,NA,NA,2023-11-11 18:27:34
2023-11-11,"MIA @ ATL","Jaime Jaquez Jr.","MIA","other_fg","Jaime Jaquez Jr._other_fg",0.014,7053,NA,NA,NA,NA,NA,NA,NA,NA,NA,NA,NA,NA,NA,NA,NA,NA,NA,NA,NA,NA,NA,NA,NA,NA,NA,NA,NA,NA,NA,NA,NA,NA,NA,NA,NA,NA,NA,2023-11-11 18:27:34
2023-11-11,"MIA @ ATL","Jaime Jaquez Jr.","MIA","three_point","Jaime Jaquez Jr._three_point",0.0229,4264,0.0246,3963,NA,NA,NA,NA,NA,NA,NA,NA,NA,NA,NA,NA,NA,NA,NA,NA,NA,NA,NA,NA,NA,NA,NA,NA,NA,0.0196,5000,0.005,0.0026,0.2554,NA,NA,NA,NA,NA,2023-11-11 18:27:34
2023-11-11,"CLE @ GSW","Stephen Curry","GSW","dunk","Stephen Curry_dunk",0.0035,28198,NA,NA,NA,NA,NA,NA,NA,NA,NA,NA,NA,NA,NA,NA,NA,NA,NA,NA,NA,NA,NA,NA,0.004,25000,-5e-04,-2e-04,-0.0226,NA,NA,NA,NA,NA,NA,NA,NA,NA,NA,2023-11-11 18:27:34
2023-11-11,"CLE @ GSW","Stephen Curry","GSW","free_throw","Stephen Curry_free_throw",0.0106,9358,NA,NA,NA,NA,NA,NA,NA,NA,NA,NA,NA,NA,NA,NA,NA,NA,NA,NA,NA,NA,NA,NA,0.0152,6500,-0.0046,-0.0023,-0.2324,NA,NA,NA,NA,NA,NA,NA,NA,NA,NA,2023-11-11 18:27:34
2023-11-11,"CLE @ GSW","Stephen Curry","GSW","layup","Stephen Curry_layup",0.0248,3931,NA,NA,NA,NA,NA,NA,NA,NA,NA,NA,NA,NA,NA,NA,NA,NA,NA,NA,NA,NA,NA,NA,0.04,2400,-0.0152,-0.0079,-0.7913,NA,NA,NA,NA,NA,NA,NA,NA,NA,NA,2023-11-11 18:27:34
2023-11-11,"CLE @ GSW","Stephen Curry","GSW","other_fg","Stephen Curry_other_fg",0.0237,4117,NA,NA,NA,NA,NA,NA,NA,NA,NA,NA,NA,NA,NA,NA,NA,NA,NA,NA,NA,NA,NA,NA,0.0286,3400,-0.0049,-0.0025,-0.2501,NA,NA,NA,NA,NA,NA,NA,NA,NA,NA,2023-11-11 18:27:34
2023-11-11,"CLE @ GSW","Stephen Curry","GSW","three_point","Stephen Curry_three_point",0.0384,2503,0.0434,2206,NA,NA,NA,NA,NA,NA,NA,NA,NA,NA,NA,NA,NA,NA,NA,0.0833,1100,-0.04,-0.0218,-2.1802,0.0667,1400,-0.0282,-0.0151,-1.5134,0.0769,1200,-0.0336,-0.0182,-1.8178,NA,NA,NA,NA,NA,2023-11-11 18:27:34
2023-11-11,"CLE @ GSW","Klay Thompson","GSW","dunk","Klay Thompson_dunk",0.0037,26724,NA,NA,NA,NA,NA,NA,NA,NA,NA,NA,NA,NA,NA,NA,NA,NA,NA,NA,NA,NA,NA,NA,0.004,25000,-3e-04,-1e-04,-0.0129,NA,NA,NA,NA,NA,NA,NA,NA,NA,NA,2023-11-11 18:27:34
2023-11-11,"CLE @ GSW","Klay Thompson","GSW","free_throw","Klay Thompson_free_throw",0.0074,13478,NA,NA,NA,NA,NA,NA,NA,NA,NA,NA,NA,NA,NA,NA,NA,NA,NA,NA,NA,NA,NA,NA,0.0076,13000,-3e-04,-1e-04,-0.0135,NA,NA,NA,NA,NA,NA,NA,NA,NA,NA,2023-11-11 18:27:34
2023-11-11,"CLE @ GSW","Klay Thompson","GSW","layup","Klay Thompson_layup",0.0182,5401,NA,NA,NA,NA,NA,NA,NA,NA,NA,NA,NA,NA,NA,NA,NA,NA,NA,NA,NA,NA,NA,NA,0.0196,5000,-0.0014,-7e-04,-0.0729,NA,NA,NA,NA,NA,NA,NA,NA,NA,NA,2023-11-11 18:27:34
2023-11-11,"CLE @ GSW","Klay Thompson","GSW","other_fg","Klay Thompson_other_fg",0.0299,3250,NA,NA,NA,NA,NA,NA,NA,NA,NA,NA,NA,NA,NA,NA,NA,NA,NA,NA,NA,NA,NA,NA,0.0435,2200,-0.0136,-0.0071,-0.7122,NA,NA,NA,NA,NA,NA,NA,NA,NA,NA,2023-11-11 18:27:34
2023-11-11,"CLE @ GSW","Klay Thompson","GSW","three_point","Klay Thompson_three_point",0.0436,2193,0.0517,1836,NA,NA,NA,NA,NA,NA,NA,NA,NA,NA,NA,NA,NA,NA,NA,0.0667,1400,-0.015,-0.008,-0.8037,0.0714,1300,-0.0278,-0.015,-1.4977,0.0588,1600,-0.0072,-0.0038,-0.3803,NA,NA,NA,NA,NA,2023-11-11 18:27:34
2023-11-11,"CLE @ GSW","Draymond Green","GSW","dunk","Draymond Green_dunk",0.0052,19243,NA,NA,NA,NA,NA,NA,NA,NA,NA,NA,NA,NA,NA,NA,NA,NA,NA,NA,NA,NA,NA,NA,0.011,9000,-0.0058,-0.0029,-0.2942,NA,NA,NA,NA,NA,NA,NA,NA,NA,NA,2023-11-11 18:27:34
2023-11-11,"CLE @ GSW","Draymond Green","GSW","free_throw","Draymond Green_free_throw",0.0059,16791,NA,NA,NA,NA,NA,NA,NA,NA,NA,NA,NA,NA,NA,NA,NA,NA,NA,NA,NA,NA,NA,NA,0.0099,10000,-0.004,-0.002,-0.201,NA,NA,NA,NA,NA,NA,NA,NA,NA,NA,2023-11-11 18:27:34
2023-11-11,"CLE @ GSW","Draymond Green","GSW","layup","Draymond Green_layup",0.0343,2814,NA,NA,NA,NA,NA,NA,NA,NA,NA,NA,NA,NA,NA,NA,NA,NA,NA,NA,NA,NA,NA,NA,0.05,1900,-0.0157,-0.0083,-0.8256,NA,NA,NA,NA,NA,NA,NA,NA,NA,NA,2023-11-11 18:27:34
2023-11-11,"CLE @ GSW","Draymond Green","GSW","other_fg","Draymond Green_other_fg",0.0184,5337,NA,NA,NA,NA,NA,NA,NA,NA,NA,NA,NA,NA,NA,NA,NA,NA,NA,NA,NA,NA,NA,NA,0.0164,6000,0.002,0.001,0.1016,NA,NA,NA,NA,NA,NA,NA,NA,NA,NA,2023-11-11 18:27:34
2023-11-11,"CLE @ GSW","Draymond Green","GSW","three_point","Draymond Green_three_point",0.012,8264,0.0128,7695,NA,NA,NA,NA,NA,NA,NA,NA,NA,NA,NA,NA,NA,NA,NA,0.0217,4500,-0.0089,-0.0046,-0.4554,0.027,3600,-0.0151,-0.0077,-0.7745,0.0196,5000,-0.0068,-0.0035,-0.3457,NA,NA,NA,NA,NA,2023-11-11 18:27:34
2023-11-11,"CLE @ GSW","Andrew Wiggins","GSW","dunk","Andrew Wiggins_dunk",0.0066,15109,NA,NA,NA,NA,NA,NA,NA,NA,NA,NA,NA,NA,NA,NA,NA,NA,NA,NA,NA,NA,NA,NA,0.011,9000,-0.0044,-0.0022,-0.2232,NA,NA,NA,NA,NA,NA,NA,NA,NA,NA,2023-11-11 18:27:34
2023-11-11,"CLE @ GSW","Andrew Wiggins","GSW","free_throw","Andrew Wiggins_free_throw",0.0091,10871,NA,NA,NA,NA,NA,NA,NA,NA,NA,NA,NA,NA,NA,NA,NA,NA,NA,NA,NA,NA,NA,NA,0.009,11000,1e-04,1e-04,0.0053,NA,NA,NA,NA,NA,NA,NA,NA,NA,NA,2023-11-11 18:27:34
2023-11-11,"CLE @ GSW","Andrew Wiggins","GSW","layup","Andrew Wiggins_layup",0.027,3602,NA,NA,NA,NA,NA,NA,NA,NA,NA,NA,NA,NA,NA,NA,NA,NA,NA,NA,NA,NA,NA,NA,0.04,2400,-0.013,-0.0068,-0.6763,NA,NA,NA,NA,NA,NA,NA,NA,NA,NA,2023-11-11 18:27:34
2023-11-11,"CLE @ GSW","Andrew Wiggins","GSW","other_fg","Andrew Wiggins_other_fg",0.0384,2503,NA,NA,NA,NA,NA,NA,NA,NA,NA,NA,NA,NA,NA,NA,NA,NA,NA,NA,NA,NA,NA,NA,0.037,2600,0.0014,7e-04,0.0715,NA,NA,NA,NA,NA,NA,NA,NA,NA,NA,2023-11-11 18:27:34
2023-11-11,"CLE @ GSW","Andrew Wiggins","GSW","three_point","Andrew Wiggins_three_point",0.0274,3552,0.0327,2955,NA,NA,NA,NA,NA,NA,NA,NA,NA,NA,NA,NA,NA,NA,NA,0.0323,3000,5e-04,2e-04,0.0244,0.0333,2900,-0.006,-0.0031,-0.3078,0.0278,3500,0.005,0.0025,0.2547,NA,NA,NA,NA,NA,2023-11-11 18:27:34
2023-11-11,"CLE @ GSW","Kevon Looney","GSW","dunk","Kevon Looney_dunk",0.0131,7542,NA,NA,NA,NA,NA,NA,NA,NA,NA,NA,NA,NA,NA,NA,NA,NA,NA,NA,NA,NA,NA,NA,0.0312,3100,-0.0182,-0.0094,-0.9375,NA,NA,NA,NA,NA,NA,NA,NA,NA,NA,2023-11-11 18:27:34
2023-11-11,"CLE @ GSW","Kevon Looney","GSW","free_throw","Kevon Looney_free_throw",0.0069,14425,NA,NA,NA,NA,NA,NA,NA,NA,NA,NA,NA,NA,NA,NA,NA,NA,NA,NA,NA,NA,NA,NA,0.0104,9500,-0.0035,-0.0018,-0.1785,NA,NA,NA,NA,NA,NA,NA,NA,NA,NA,2023-11-11 18:27:34
2023-11-11,"CLE @ GSW","Kevon Looney","GSW","layup","Kevon Looney_layup",0.0556,1699,NA,NA,NA,NA,NA,NA,NA,NA,NA,NA,NA,NA,NA,NA,NA,NA,NA,NA,NA,NA,NA,NA,0.0526,1800,0.003,0.0016,0.1567,NA,NA,NA,NA,NA,NA,NA,NA,NA,NA,2023-11-11 18:27:34
2023-11-11,"CLE @ GSW","Kevon Looney","GSW","other_fg","Kevon Looney_other_fg",0.0117,8453,NA,NA,NA,NA,NA,NA,NA,NA,NA,NA,NA,NA,NA,NA,NA,NA,NA,NA,NA,NA,NA,NA,0.0104,9500,0.0013,6e-04,0.0644,NA,NA,NA,NA,NA,NA,NA,NA,NA,NA,2023-11-11 18:27:34
2023-11-11,"CLE @ GSW","Kevon Looney","GSW","three_point","Kevon Looney_three_point",0.0055,18127,0.0055,17931,NA,NA,NA,NA,NA,NA,NA,NA,NA,NA,NA,NA,NA,NA,NA,0.0099,10000,-0.0044,-0.0022,-0.2199,0.004,25000,0.0015,8e-04,0.0754,0.0099,10000,-0.0044,-0.0022,-0.2199,NA,NA,NA,NA,NA,2023-11-11 18:27:34
2023-11-11,"CLE @ GSW","Donovan Mitchell","CLE","dunk","Donovan Mitchell_dunk",0.0048,20525,NA,NA,NA,NA,NA,NA,NA,NA,NA,NA,NA,NA,NA,NA,NA,NA,NA,NA,NA,NA,NA,NA,0.009,11000,-0.0042,-0.0021,-0.2099,NA,NA,NA,NA,NA,NA,NA,NA,NA,NA,2023-11-11 18:27:34
2023-11-11,"CLE @ GSW","Donovan Mitchell","CLE","free_throw","Donovan Mitchell_free_throw",0.0128,7693,NA,NA,NA,NA,NA,NA,NA,NA,NA,NA,NA,NA,NA,NA,NA,NA,NA,NA,NA,NA,NA,NA,0.0179,5500,-0.005,-0.0026,-0.2558,NA,NA,NA,NA,NA,NA,NA,NA,NA,NA,2023-11-11 18:27:34
2023-11-11,"CLE @ GSW","Donovan Mitchell","CLE","layup","Donovan Mitchell_layup",0.0312,3110,NA,NA,NA,NA,NA,NA,NA,NA,NA,NA,NA,NA,NA,NA,NA,NA,NA,NA,NA,NA,NA,NA,0.0625,1500,-0.0313,-0.0167,-1.6718,NA,NA,NA,NA,NA,NA,NA,NA,NA,NA,2023-11-11 18:27:34
2023-11-11,"CLE @ GSW","Donovan Mitchell","CLE","other_fg","Donovan Mitchell_other_fg",0.046,2075,NA,NA,NA,NA,NA,NA,NA,NA,NA,NA,NA,NA,NA,NA,NA,NA,NA,NA,NA,NA,NA,NA,0.0625,1500,-0.0165,-0.0088,-0.8818,NA,NA,NA,NA,NA,NA,NA,NA,NA,NA,2023-11-11 18:27:34
2023-11-11,"CLE @ GSW","Donovan Mitchell","CLE","three_point","Donovan Mitchell_three_point",0.0395,2429,0.0489,1946,NA,NA,NA,NA,NA,NA,NA,NA,NA,NA,NA,NA,NA,NA,NA,0.0588,1600,-0.0099,-0.0053,-0.5279,0.0588,1600,-0.0193,-0.0102,-1.0244,0.0526,1800,-0.0037,-0.002,-0.1976,NA,NA,NA,NA,NA,2023-11-11 18:27:34
2023-11-11,"CLE @ GSW","Jarrett Allen","CLE","dunk","Jarrett Allen_dunk",0.0359,2684,NA,NA,NA,NA,NA,NA,NA,NA,NA,NA,NA,NA,NA,NA,NA,NA,NA,NA,NA,NA,NA,NA,0.0526,1800,-0.0167,-0.0088,-0.8818,NA,NA,NA,NA,NA,NA,NA,NA,NA,NA,2023-11-11 18:27:34
2023-11-11,"CLE @ GSW","Jarrett Allen","CLE","free_throw","Jarrett Allen_free_throw",0.0075,13236,NA,NA,NA,NA,NA,NA,NA,NA,NA,NA,NA,NA,NA,NA,NA,NA,NA,NA,NA,NA,NA,NA,0.0179,5500,-0.0104,-0.0053,-0.5273,NA,NA,NA,NA,NA,NA,NA,NA,NA,NA,2023-11-11 18:27:34
2023-11-11,"CLE @ GSW","Jarrett Allen","CLE","layup","Jarrett Allen_layup",0.0245,3988,NA,NA,NA,NA,NA,NA,NA,NA,NA,NA,NA,NA,NA,NA,NA,NA,NA,NA,NA,NA,NA,NA,0.027,3600,-0.0026,-0.0013,-0.1318,NA,NA,NA,NA,NA,NA,NA,NA,NA,NA,2023-11-11 18:27:34
2023-11-11,"CLE @ GSW","Jarrett Allen","CLE","other_fg","Jarrett Allen_other_fg",0.0227,4302,NA,NA,NA,NA,NA,NA,NA,NA,NA,NA,NA,NA,NA,NA,NA,NA,NA,NA,NA,NA,NA,NA,0.0333,2900,-0.0106,-0.0055,-0.5491,NA,NA,NA,NA,NA,NA,NA,NA,NA,NA,2023-11-11 18:27:34
2023-11-11,"CLE @ GSW","Jarrett Allen","CLE","three_point","Jarrett Allen_three_point",0.0057,17317,0.006,16662,NA,NA,NA,NA,NA,NA,NA,NA,NA,NA,NA,NA,NA,NA,NA,0.0099,10000,-0.0039,-0.002,-0.1987,0.004,25000,0.0018,9e-04,0.0882,0.0099,10000,-0.0039,-0.002,-0.1987,NA,NA,NA,NA,NA,2023-11-11 18:27:34
2023-11-11,"CLE @ GSW","Max Strus","CLE","dunk","Max Strus_dunk",0.004,25015,NA,NA,NA,NA,NA,NA,NA,NA,NA,NA,NA,NA,NA,NA,NA,NA,NA,NA,NA,NA,NA,NA,0.0058,17000,-0.0019,-9e-04,-0.0939,NA,NA,NA,NA,NA,NA,NA,NA,NA,NA,2023-11-11 18:27:34
2023-11-11,"CLE @ GSW","Max Strus","CLE","free_throw","Max Strus_free_throw",0.0052,19246,NA,NA,NA,NA,NA,NA,NA,NA,NA,NA,NA,NA,NA,NA,NA,NA,NA,NA,NA,NA,NA,NA,0.0071,14000,-0.0019,-0.001,-0.0968,NA,NA,NA,NA,NA,NA,NA,NA,NA,NA,2023-11-11 18:27:34
2023-11-11,"CLE @ GSW","Max Strus","CLE","layup","Max Strus_layup",0.0154,6383,NA,NA,NA,NA,NA,NA,NA,NA,NA,NA,NA,NA,NA,NA,NA,NA,NA,NA,NA,NA,NA,NA,0.0244,4000,-0.009,-0.0046,-0.4595,NA,NA,NA,NA,NA,NA,NA,NA,NA,NA,2023-11-11 18:27:34
2023-11-11,"CLE @ GSW","Max Strus","CLE","other_fg","Max Strus_other_fg",0.0107,9225,NA,NA,NA,NA,NA,NA,NA,NA,NA,NA,NA,NA,NA,NA,NA,NA,NA,NA,NA,NA,NA,NA,0.0071,14000,0.0036,0.0018,0.1829,NA,NA,NA,NA,NA,NA,NA,NA,NA,NA,2023-11-11 18:27:34
2023-11-11,"CLE @ GSW","Max Strus","CLE","three_point","Max Strus_three_point",0.0426,2248,0.0435,2197,NA,NA,NA,NA,NA,NA,NA,NA,NA,NA,NA,NA,NA,NA,NA,0.0625,1500,-0.019,-0.0101,-1.0118,0.0526,1800,-0.01,-0.0053,-0.5299,0.0526,1800,-0.0091,-0.0048,-0.4805,NA,NA,NA,NA,NA,2023-11-11 18:27:34
2023-11-11,"CLE @ GSW","Darius Garland","CLE","dunk","Darius Garland_dunk",0.0035,28095,NA,NA,NA,NA,NA,NA,NA,NA,NA,NA,NA,NA,NA,NA,NA,NA,NA,NA,NA,NA,NA,NA,0.004,25000,-4e-04,-2e-04,-0.022,NA,NA,NA,NA,NA,NA,NA,NA,NA,NA,2023-11-11 18:27:34
2023-11-11,"CLE @ GSW","Darius Garland","CLE","free_throw","Darius Garland_free_throw",0.0097,10159,NA,NA,NA,NA,NA,NA,NA,NA,NA,NA,NA,NA,NA,NA,NA,NA,NA,NA,NA,NA,NA,NA,0.0141,7000,-0.0043,-0.0022,-0.22,NA,NA,NA,NA,NA,NA,NA,NA,NA,NA,2023-11-11 18:27:34
2023-11-11,"CLE @ GSW","Darius Garland","CLE","layup","Darius Garland_layup",0.0236,4132,NA,NA,NA,NA,NA,NA,NA,NA,NA,NA,NA,NA,NA,NA,NA,NA,NA,NA,NA,NA,NA,NA,0.0303,3200,-0.0067,-0.0034,-0.3442,NA,NA,NA,NA,NA,NA,NA,NA,NA,NA,2023-11-11 18:27:34
2023-11-11,"CLE @ GSW","Darius Garland","CLE","other_fg","Darius Garland_other_fg",0.0376,2557,NA,NA,NA,NA,NA,NA,NA,NA,NA,NA,NA,NA,NA,NA,NA,NA,NA,NA,NA,NA,NA,NA,0.0588,1600,-0.0212,-0.0113,-1.1252,NA,NA,NA,NA,NA,NA,NA,NA,NA,NA,2023-11-11 18:27:34
2023-11-11,"CLE @ GSW","Darius Garland","CLE","three_point","Darius Garland_three_point",0.0259,3765,0.0278,3497,NA,NA,NA,NA,NA,NA,NA,NA,NA,NA,NA,NA,NA,NA,NA,0.0435,2200,-0.0157,-0.0082,-0.8194,0.0476,2000,-0.0217,-0.0114,-1.1415,0.0385,2500,-0.0107,-0.0055,-0.5543,NA,NA,NA,NA,NA,2023-11-11 18:27:34
2023-11-11,"CLE @ GSW","Evan Mobley","CLE","dunk","Evan Mobley_dunk",0.0289,3361,NA,NA,NA,NA,NA,NA,NA,NA,NA,NA,NA,NA,NA,NA,NA,NA,NA,NA,NA,NA,NA,NA,0.0435,2200,-0.0146,-0.0076,-0.7626,NA,NA,NA,NA,NA,NA,NA,NA,NA,NA,2023-11-11 18:27:34
2023-11-11,"CLE @ GSW","Evan Mobley","CLE","free_throw","Evan Mobley_free_throw",0.009,10968,NA,NA,NA,NA,NA,NA,NA,NA,NA,NA,NA,NA,NA,NA,NA,NA,NA,NA,NA,NA,NA,NA,0.0099,10000,-9e-04,-4e-04,-0.0437,NA,NA,NA,NA,NA,NA,NA,NA,NA,NA,2023-11-11 18:27:34
2023-11-11,"CLE @ GSW","Evan Mobley","CLE","layup","Evan Mobley_layup",0.0257,3795,NA,NA,NA,NA,NA,NA,NA,NA,NA,NA,NA,NA,NA,NA,NA,NA,NA,NA,NA,NA,NA,NA,0.0196,5000,0.0061,0.0031,0.3095,NA,NA,NA,NA,NA,NA,NA,NA,NA,NA,2023-11-11 18:27:34
2023-11-11,"CLE @ GSW","Evan Mobley","CLE","other_fg","Evan Mobley_other_fg",0.0385,2499,NA,NA,NA,NA,NA,NA,NA,NA,NA,NA,NA,NA,NA,NA,NA,NA,NA,NA,NA,NA,NA,NA,0.0417,2300,-0.0032,-0.0017,-0.1664,NA,NA,NA,NA,NA,NA,NA,NA,NA,NA,2023-11-11 18:27:34
2023-11-11,"CLE @ GSW","Evan Mobley","CLE","three_point","Evan Mobley_three_point",0.0081,12214,0.0084,11747,NA,NA,NA,NA,NA,NA,NA,NA,NA,NA,NA,NA,NA,NA,NA,0.011,9000,-0.0025,-0.0013,-0.1288,0.004,25000,0.0041,0.0021,0.2077,0.0099,10000,-0.0015,-7e-04,-0.0737,NA,NA,NA,NA,NA,2023-11-11 18:27:34
2023-11-11,"MIL @ ORL","Brook Lopez","MIL","two_point","Brook Lopez_two_point",NA,NA,0.0812,1132,NA,NA,NA,NA,NA,NA,NA,NA,NA,NA,NA,NA,NA,NA,NA,0.0833,1100,-0.0021,-0.0012,-0.1165,NA,NA,NA,NA,NA,0.0952,950,-0.014,-0.0078,-0.7759,NA,NA,NA,NA,NA,2023-11-11 18:27:34
2023-11-11,"MIL @ ORL","Damian Lillard","MIL","two_point","Damian Lillard_two_point",NA,NA,0.0595,1582,NA,NA,NA,NA,NA,NA,NA,NA,NA,NA,NA,NA,NA,NA,NA,0.0833,1100,-0.0239,-0.013,-1.302,NA,NA,NA,NA,NA,0.0833,1100,-0.0239,-0.013,-1.302,NA,NA,NA,NA,NA,2023-11-11 18:27:34
2023-11-11,"MIL @ ORL","Khris Middleton","MIL","two_point","Khris Middleton_two_point",NA,NA,0.0746,1240,NA,NA,NA,NA,NA,NA,NA,NA,NA,NA,NA,NA,NA,NA,NA,0.0833,1100,-0.0087,-0.0048,-0.4759,NA,NA,NA,NA,NA,0.0909,1000,-0.0163,-0.009,-0.8965,NA,NA,NA,NA,NA,2023-11-11 18:27:34
2023-11-11,"MIL @ ORL","Giannis Antetokounmpo","MIL","two_point","Giannis Antetokounmpo_two_point",NA,NA,0.1396,616,NA,NA,NA,NA,NA,NA,NA,NA,NA,NA,NA,NA,NA,NA,NA,0.1818,450,-0.0422,-0.0258,-2.5787,NA,NA,NA,NA,NA,0.1538,550,-0.0142,-0.0084,-0.8405,NA,NA,NA,NA,NA,2023-11-11 18:27:34
2023-11-11,"MIL @ ORL","Malik Beasley","MIL","two_point","Malik Beasley_two_point",NA,NA,0.0389,2468,NA,NA,NA,NA,NA,NA,NA,NA,NA,NA,NA,NA,NA,NA,NA,0.0385,2500,5e-04,2e-04,0.0249,NA,NA,NA,NA,NA,0.0385,2500,5e-04,2e-04,0.0249,NA,NA,NA,NA,NA,2023-11-11 18:27:34
2023-11-11,"MIL @ ORL","Markelle Fultz","ORL","two_point","Markelle Fultz_two_point",NA,NA,0.0666,1401,NA,NA,NA,NA,NA,NA,NA,NA,NA,NA,NA,NA,NA,NA,NA,0.0909,1000,-0.0243,-0.0134,-1.3364,NA,NA,NA,NA,NA,0.0909,1000,-0.0243,-0.0134,-1.3364,NA,NA,NA,NA,NA,2023-11-11 18:27:34
2023-11-11,"MIL @ ORL","Goga Bitadze","ORL","two_point","Goga Bitadze_two_point",NA,NA,0.0883,1032,NA,NA,NA,NA,NA,NA,NA,NA,NA,NA,NA,NA,NA,NA,NA,0.1111,800,-0.0228,-0.0128,-1.2823,NA,NA,NA,NA,NA,0.0769,1200,0.0114,0.0062,0.6171,NA,NA,NA,NA,NA,2023-11-11 18:27:34
2023-11-11,"MIL @ ORL","Franz Wagner","ORL","two_point","Franz Wagner_two_point",NA,NA,0.0561,1682,NA,NA,NA,NA,NA,NA,NA,NA,NA,NA,NA,NA,NA,NA,NA,0.1,900,-0.0439,-0.0244,-2.4388,NA,NA,NA,NA,NA,0.1053,850,-0.0492,-0.0275,-2.7473,NA,NA,NA,NA,NA,2023-11-11 18:27:34
2023-11-11,"MIL @ ORL","Jalen Suggs","ORL","two_point","Jalen Suggs_two_point",NA,NA,0.0432,2213,NA,NA,NA,NA,NA,NA,NA,NA,NA,NA,NA,NA,NA,NA,NA,0.0714,1300,-0.0282,-0.0152,-1.5183,NA,NA,NA,NA,NA,0.0588,1600,-0.0156,-0.0083,-0.8283,NA,NA,NA,NA,NA,2023-11-11 18:27:34
2023-11-11,"MIL @ ORL","Paolo Banchero","ORL","two_point","Paolo Banchero_two_point",NA,NA,0.0746,1241,NA,NA,NA,NA,NA,NA,NA,NA,NA,NA,NA,NA,NA,NA,NA,0.1053,850,-0.0307,-0.0171,-1.7138,NA,NA,NA,NA,NA,0.1053,850,-0.0307,-0.0171,-1.7138,NA,NA,NA,NA,NA,2023-11-11 18:27:34
2023-11-11,"TOR @ BOS","Jrue Holiday","BOS","two_point","Jrue Holiday_two_point",NA,NA,0.0597,1575,NA,NA,NA,NA,NA,NA,NA,NA,NA,NA,NA,NA,NA,NA,NA,0.0769,1200,-0.0172,-0.0093,-0.9322,NA,NA,NA,NA,NA,0.0909,1000,-0.0312,-0.0172,-1.7158,NA,NA,NA,NA,NA,2023-11-11 18:27:34
2023-11-11,"TOR @ BOS","Dennis Schroder","TOR","two_point","Dennis Schroder_two_point",NA,NA,0.05,1902,NA,NA,NA,NA,NA,NA,NA,NA,NA,NA,NA,NA,NA,NA,NA,0.0769,1200,-0.027,-0.0146,-1.4607,NA,NA,NA,NA,NA,0.0588,1600,-0.0089,-0.0047,-0.4711,NA,NA,NA,NA,NA,2023-11-11 18:27:34
2023-11-11,"TOR @ BOS","Kristaps Porzingis","BOS","two_point","Kristaps Porzingis_two_point",NA,NA,0.1082,824,NA,NA,NA,NA,NA,NA,NA,NA,NA,NA,NA,NA,NA,NA,NA,0.1176,750,-0.0094,-0.0054,-0.5351,NA,NA,NA,NA,NA,0.1111,800,-0.0029,-0.0016,-0.1635,NA,NA,NA,NA,NA,2023-11-11 18:27:34
2023-11-11,"TOR @ BOS","Jakob Poeltl","TOR","two_point","Jakob Poeltl_two_point",NA,NA,0.0893,1020,NA,NA,NA,NA,NA,NA,NA,NA,NA,NA,NA,NA,NA,NA,NA,0.1053,850,-0.016,-0.0089,-0.8914,NA,NA,NA,NA,NA,0.1053,850,-0.016,-0.0089,-0.8914,NA,NA,NA,NA,NA,2023-11-11 18:27:34
2023-11-11,"TOR @ BOS","Jaylen Brown","BOS","two_point","Jaylen Brown_two_point",NA,NA,0.0832,1102,NA,NA,NA,NA,NA,NA,NA,NA,NA,NA,NA,NA,NA,NA,NA,0.1053,850,-0.0221,-0.0123,-1.2336,NA,NA,NA,NA,NA,0.125,700,-0.0418,-0.0239,-2.3892,NA,NA,NA,NA,NA,2023-11-11 18:27:34
2023-11-11,"TOR @ BOS","Pascal Siakam","TOR","two_point","Pascal Siakam_two_point",NA,NA,0.0976,925,NA,NA,NA,NA,NA,NA,NA,NA,NA,NA,NA,NA,NA,NA,NA,0.1053,850,-0.0077,-0.0043,-0.4309,NA,NA,NA,NA,NA,0.1111,800,-0.0136,-0.0076,-0.7627,NA,NA,NA,NA,NA,2023-11-11 18:27:34
2023-11-11,"TOR @ BOS","Jayson Tatum","BOS","two_point","Jayson Tatum_two_point",NA,NA,0.0797,1154,NA,NA,NA,NA,NA,NA,NA,NA,NA,NA,NA,NA,NA,NA,NA,0.1,900,-0.0203,-0.0113,-1.1253,NA,NA,NA,NA,NA,0.0909,1000,-0.0112,-0.0061,-0.614,NA,NA,NA,NA,NA,2023-11-11 18:27:34
2023-11-11,"TOR @ BOS","O.G. Anunoby","TOR","two_point","O.G. Anunoby_two_point",NA,NA,0.0401,2392,NA,NA,NA,NA,NA,NA,NA,NA,NA,NA,NA,NA,NA,NA,NA,NA,NA,NA,NA,NA,NA,NA,NA,NA,NA,NA,NA,NA,NA,NA,NA,NA,NA,NA,NA,2023-11-11 18:27:34
2023-11-11,"TOR @ BOS","Derrick White","BOS","two_point","Derrick White_two_point",NA,NA,0.045,2122,NA,NA,NA,NA,NA,NA,NA,NA,NA,NA,NA,NA,NA,NA,NA,0.0556,1700,-0.0105,-0.0056,-0.5584,NA,NA,NA,NA,NA,0.0476,2000,-0.0026,-0.0014,-0.1371,NA,NA,NA,NA,NA,2023-11-11 18:27:34
2023-11-11,"TOR @ BOS","Scottie Barnes","TOR","two_point","Scottie Barnes_two_point",NA,NA,0.0846,1081,NA,NA,NA,NA,NA,NA,NA,NA,NA,NA,NA,NA,NA,NA,NA,0.1111,800,-0.0265,-0.0149,-1.4887,NA,NA,NA,NA,NA,0.1053,850,-0.0206,-0.0115,-1.1522,NA,NA,NA,NA,NA,2023-11-11 18:27:34
2023-11-11,"MIA @ ATL","Kyle Lowry","MIA","two_point","Kyle Lowry_two_point",NA,NA,0.0418,2291,NA,NA,NA,NA,NA,NA,NA,NA,NA,NA,NA,NA,NA,NA,NA,NA,NA,NA,NA,NA,NA,NA,NA,NA,NA,0.0385,2500,0.0034,0.0017,0.1749,NA,NA,NA,NA,NA,2023-11-11 18:27:34
2023-11-11,"MIA @ ATL","Clint Capela","ATL","two_point","Clint Capela_two_point",NA,NA,0.0776,1189,NA,NA,NA,NA,NA,NA,NA,NA,NA,NA,NA,NA,NA,NA,NA,NA,NA,NA,NA,NA,NA,NA,NA,NA,NA,0.125,700,-0.0474,-0.0271,-2.7113,NA,NA,NA,NA,NA,2023-11-11 18:27:34
2023-11-11,"MIA @ ATL","Dejounte Murray","ATL","two_point","Dejounte Murray_two_point",NA,NA,0.0804,1144,NA,NA,NA,NA,NA,NA,NA,NA,NA,NA,NA,NA,NA,NA,NA,NA,NA,NA,NA,NA,NA,NA,NA,NA,NA,0.1053,850,-0.0249,-0.0139,-1.3897,NA,NA,NA,NA,NA,2023-11-11 18:27:34
2023-11-11,"MIA @ ATL","Bam Adebayo","MIA","two_point","Bam Adebayo_two_point",NA,NA,0.1669,499,NA,NA,NA,NA,NA,NA,NA,NA,NA,NA,NA,NA,NA,NA,NA,NA,NA,NA,NA,NA,NA,NA,NA,NA,NA,0.2222,350,-0.0553,-0.0356,-3.5551,NA,NA,NA,NA,NA,2023-11-11 18:27:34
2023-11-11,"MIA @ ATL","Trae Young","ATL","two_point","Trae Young_two_point",NA,NA,0.084,1090,NA,NA,NA,NA,NA,NA,NA,NA,NA,NA,NA,NA,NA,NA,NA,NA,NA,NA,NA,NA,NA,NA,NA,NA,NA,0.1,900,-0.016,-0.0089,-0.8888,NA,NA,NA,NA,NA,2023-11-11 18:27:34
2023-11-11,"MIA @ ATL","Duncan Robinson","MIA","two_point","Duncan Robinson_two_point",NA,NA,0.036,2676,NA,NA,NA,NA,NA,NA,NA,NA,NA,NA,NA,NA,NA,NA,NA,NA,NA,NA,NA,NA,NA,NA,NA,NA,NA,0.0323,3000,0.0038,0.0019,0.1948,NA,NA,NA,NA,NA,2023-11-11 18:27:34
2023-11-11,"MIA @ ATL","Haywood Highsmith","MIA","two_point","Haywood Highsmith_two_point",NA,NA,0.0626,1497,NA,NA,NA,NA,NA,NA,NA,NA,NA,NA,NA,NA,NA,NA,NA,NA,NA,NA,NA,NA,NA,NA,NA,NA,NA,0.0526,1800,0.01,0.0053,0.5262,NA,NA,NA,NA,NA,2023-11-11 18:27:34
2023-11-11,"MIA @ ATL","De'Andre Hunter","ATL","two_point","De'Andre Hunter_two_point",NA,NA,0.065,1439,NA,NA,NA,NA,NA,NA,NA,NA,NA,NA,NA,NA,NA,NA,NA,NA,NA,NA,NA,NA,NA,NA,NA,NA,NA,0.0833,1100,-0.0184,-0.01,-1.0015,NA,NA,NA,NA,NA,2023-11-11 18:27:34
2023-11-11,"MIA @ ATL","Jalen Johnson","ATL","two_point","Jalen Johnson_two_point",NA,NA,0.0711,1306,NA,NA,NA,NA,NA,NA,NA,NA,NA,NA,NA,NA,NA,NA,NA,NA,NA,NA,NA,NA,NA,NA,NA,NA,NA,0.0909,1000,-0.0198,-0.0109,-1.0891,NA,NA,NA,NA,NA,2023-11-11 18:27:34
2023-11-11,"MIA @ ATL","Jaime Jaquez Jr.","MIA","two_point","Jaime Jaquez Jr._two_point",NA,NA,0.0472,2018,NA,NA,NA,NA,NA,NA,NA,NA,NA,NA,NA,NA,NA,NA,NA,NA,NA,NA,NA,NA,NA,NA,NA,NA,NA,0.0667,1400,-0.0195,-0.0104,-1.042,NA,NA,NA,NA,NA,2023-11-11 18:27:34
2023-11-11,"CLE @ GSW","Stephen Curry","GSW","two_point","Stephen Curry_two_point",NA,NA,0.0542,1747,NA,NA,NA,NA,NA,NA,NA,NA,NA,NA,NA,NA,NA,NA,NA,0.0714,1300,-0.0173,-0.0093,-0.9303,NA,NA,NA,NA,NA,0.0667,1400,-0.0125,-0.0067,-0.6704,NA,NA,NA,NA,NA,2023-11-11 18:27:34
2023-11-11,"CLE @ GSW","Klay Thompson","GSW","two_point","Klay Thompson_two_point",NA,NA,0.0586,1607,NA,NA,NA,NA,NA,NA,NA,NA,NA,NA,NA,NA,NA,NA,NA,0.0714,1300,-0.0128,-0.0069,-0.6912,NA,NA,NA,NA,NA,0.0833,1100,-0.0247,-0.0135,-1.3495,NA,NA,NA,NA,NA,2023-11-11 18:27:34
2023-11-11,"CLE @ GSW","Draymond Green","GSW","two_point","Draymond Green_two_point",NA,NA,0.0612,1534,NA,NA,NA,NA,NA,NA,NA,NA,NA,NA,NA,NA,NA,NA,NA,0.0833,1100,-0.0221,-0.0121,-1.2065,NA,NA,NA,NA,NA,0.0769,1200,-0.0157,-0.0085,-0.8509,NA,NA,NA,NA,NA,2023-11-11 18:27:34
2023-11-11,"CLE @ GSW","Andrew Wiggins","GSW","two_point","Andrew Wiggins_two_point",NA,NA,0.0839,1091,NA,NA,NA,NA,NA,NA,NA,NA,NA,NA,NA,NA,NA,NA,NA,0.1111,800,-0.0272,-0.0153,-1.5289,NA,NA,NA,NA,NA,0.1,900,-0.0161,-0.0089,-0.8928,NA,NA,NA,NA,NA,2023-11-11 18:27:34
2023-11-11,"CLE @ GSW","Kevon Looney","GSW","two_point","Kevon Looney_two_point",NA,NA,0.0763,1210,NA,NA,NA,NA,NA,NA,NA,NA,NA,NA,NA,NA,NA,NA,NA,0.1,900,-0.0237,-0.0131,-1.3143,NA,NA,NA,NA,NA,0.1111,800,-0.0348,-0.0196,-1.9558,NA,NA,NA,NA,NA,2023-11-11 18:27:34
2023-11-11,"CLE @ GSW","Donovan Mitchell","CLE","two_point","Donovan Mitchell_two_point",NA,NA,0.0924,982,NA,NA,NA,NA,NA,NA,NA,NA,NA,NA,NA,NA,NA,NA,NA,0.1053,850,-0.0129,-0.0072,-0.7182,NA,NA,NA,NA,NA,0.1053,850,-0.0129,-0.0072,-0.7182,NA,NA,NA,NA,NA,2023-11-11 18:27:34
2023-11-11,"CLE @ GSW","Jarrett Allen","CLE","two_point","Jarrett Allen_two_point",NA,NA,0.0881,1035,NA,NA,NA,NA,NA,NA,NA,NA,NA,NA,NA,NA,NA,NA,NA,0.1333,650,-0.0452,-0.0261,-2.6091,NA,NA,NA,NA,NA,0.1333,650,-0.0452,-0.0261,-2.6091,NA,NA,NA,NA,NA,2023-11-11 18:27:34
2023-11-11,"CLE @ GSW","Max Strus","CLE","two_point","Max Strus_two_point",NA,NA,0.0334,2898,NA,NA,NA,NA,NA,NA,NA,NA,NA,NA,NA,NA,NA,NA,NA,0.0435,2200,-0.0101,-0.0053,-0.5291,NA,NA,NA,NA,NA,0.0323,3000,0.0011,6e-04,0.0568,NA,NA,NA,NA,NA,2023-11-11 18:27:34
2023-11-11,"CLE @ GSW","Darius Garland","CLE","two_point","Darius Garland_two_point",NA,NA,0.0725,1280,NA,NA,NA,NA,NA,NA,NA,NA,NA,NA,NA,NA,NA,NA,NA,0.0909,1000,-0.0184,-0.0101,-1.0143,NA,NA,NA,NA,NA,0.0952,950,-0.0228,-0.0126,-1.2584,NA,NA,NA,NA,NA,2023-11-11 18:27:34
2023-11-11,"CLE @ GSW","Evan Mobley","CLE","two_point","Evan Mobley_two_point",NA,NA,0.0987,914,NA,NA,NA,NA,NA,NA,NA,NA,NA,NA,NA,NA,NA,NA,NA,0.1333,650,-0.0347,-0.02,-2,NA,NA,NA,NA,NA,0.1111,800,-0.0124,-0.007,-0.7,NA,NA,NA,NA,NA,2023-11-11 18:27:34
