GAME_ID,EVENTNUM,EVENTMSGTYPE,EVENTMSGACTIONTYPE,PERIOD,WCTIMESTRING,PCTIMESTRING,HOMEDESCRIPTION,NEUTRALDESCRIPTION,VISITORDESCRIPTION,SCORE,SCOREMARGIN,PERSON1TYPE,PLAYER1_ID,PLAYER1_NAME,PLAYER1_TEAM_ID,PLAYER1_TEAM_CITY,PLAYER1_TEAM_NICKNAME,PLAYER1_TEAM_ABBREVIATION,PERSON2TYPE,PLAYER2_ID,PLAYER2_NAME,PLAYER2_TEAM_ID,PLAYER2_TEAM_CITY,PLAYER2_TEAM_NICKNAME,PLAYER2_TEAM_ABBREVIATION,PERSON3TYPE,PLAYER3_ID,PLAYER3_NAME,PLAYER3_TEAM_ID,PLAYER3_TEAM_CITY,PLAYER3_TEAM_NICKNAME,PLAYER3_TEAM_ABBREVIATION,VIDEO_AVAILABLE_FLAG
0022100344,2,12,0,1,8:15 PM,12:00,,Start of 1st Period (8:15 PM EST),,,,0,0,,,,,,0,0,,,,,,0,0,,,,,,0
0022100344,4,10,0,1,8:15 PM,12:00,Jump Ball Portis vs. Dedmon: Tip to Connaughton,,,,,4,1626171,Bobby Portis,1610612749.0,Milwaukee,Bucks,MIL,5,203473,Dewayne Dedmon,1610612748.0,Miami,Heat,MIA,4,1626192,Pat Connaughton,1610612749.0,Milwaukee,Bucks,MIL,1
0022100344,7,2,1,1,8:15 PM,11:43,MISS Connaughton 25' 3PT Jump Shot,,,,,4,1626192,Pat Connaughton,1610612749.0,Milwaukee,Bucks,MIL,0,0,,,,,,0,0,,,,,,1
0022100344,8,4,0,1,8:15 PM,11:39,,,Herro REBOUND (Off:0 Def:1),,,5,1629639,Tyler Herro,1610612748.0,Miami,Heat,MIA,0,0,,,,,,0,0,,,,,,1
0022100344,9,6,1,1,8:15 PM,11:29,Mamukelashvili P.FOUL (P1.T1) (K.Scott),,,,,4,1630572,Sandro Mamukelashvili,1610612749.0,Milwaukee,Bucks,MIL,5,200768,Kyle Lowry,1610612748.0,Miami,Heat,MIA,1,0,,,,,,1
0022100344,11,2,47,1,8:16 PM,11:16,,,MISS Lowry 17' Turnaround Jump Shot,,,5,200768,Kyle Lowry,1610612748.0,Miami,Heat,MIA,0,0,,,,,,0,0,,,,,,1
0022100344,12,4,0,1,8:16 PM,11:13,Portis REBOUND (Off:0 Def:1),,,,,4,1626171,Bobby Portis,1610612749.0,Milwaukee,Bucks,MIL,0,0,,,,,,0,0,,,,,,1
0022100344,13,2,1,1,8:16 PM,11:04,MISS Portis 26' 3PT Jump Shot,,,,,4,1626171,Bobby Portis,1610612749.0,Milwaukee,Bucks,MIL,0,0,,,,,,0,0,,,,,,1
0022100344,14,4,0,1,8:16 PM,11:04,BUCKS Rebound,,,,,2,1610612749,,,,,,0,0,,,,,,0,0,,,,,,0
0022100344,15,6,3,1,8:16 PM,11:04,,,Tucker L.B.FOUL (P1.T1) (K.Scott),,,5,200782,P.J. Tucker,1610612748.0,Miami,Heat,MIA,4,1630572,Sandro Mamukelashvili,1610612749.0,Milwaukee,Bucks,MIL,1,0,,,,,,1
0022100344,17,2,101,1,8:17 PM,10:55,MISS Portis 8' Driving Floating Jump Shot,,,,,4,1626171,Bobby Portis,1610612749.0,Milwaukee,Bucks,MIL,0,0,,,,,,0,0,,,,,,1
0022100344,18,4,0,1,8:17 PM,10:54,Portis REBOUND (Off:1 Def:1),,,,,4,1626171,Bobby Portis,1610612749.0,Milwaukee,Bucks,MIL,0,0,,,,,,0,0,,,,,,1
0022100344,19,5,39,1,8:17 PM,10:54,Portis Step Out of Bounds Turnover (P1.T1),,,,,4,1626171,Bobby Portis,1610612749.0,Milwaukee,Bucks,MIL,0,0,,,,,,1,0,,,,,,1
0022100344,20,2,1,1,8:17 PM,10:48,,,MISS Robinson 3PT Jump Shot,,,5,1629130,Duncan Robinson,1610612748.0,Miami,Heat,MIA,0,0,,,,,,0,0,,,,,,1
0022100344,21,4,0,1,8:17 PM,10:44,,,Dedmon REBOUND (Off:1 Def:0),,,5,203473,Dewayne Dedmon,1610612748.0,Miami,Heat,MIA,0,0,,,,,,0,0,,,,,,1
0022100344,22,2,1,1,8:17 PM,10:37,,,MISS Robinson 3PT Jump Shot,,,5,1629130,Duncan Robinson,1610612748.0,Miami,Heat,MIA,0,0,,,,,,0,0,,,,,,1
0022100344,23,4,0,1,8:17 PM,10:35,Portis REBOUND (Off:1 Def:2),,,,,4,1626171,Bobby Portis,1610612749.0,Milwaukee,Bucks,MIL,0,0,,,,,,0,0,,,,,,1
0022100344,24,2,1,1,8:17 PM,10:26,MISS Mamukelashvili 25' 3PT Jump Shot,,,,,4,1630572,Sandro Mamukelashvili,1610612749.0,Milwaukee,Bucks,MIL,0,0,,,,,,0,0,,,,,,1
0022100344,25,4,0,1,8:17 PM,10:23,,,Herro REBOUND (Off:0 Def:2),,,5,1629639,Tyler Herro,1610612748.0,Miami,Heat,MIA,0,0,,,,,,0,0,,,,,,1
0022100344,26,2,1,1,8:17 PM,10:10,,,MISS Lowry 27' 3PT Jump Shot,,,5,200768,Kyle Lowry,1610612748.0,Miami,Heat,MIA,0,0,,,,,,0,0,,,,,,1
0022100344,27,4,0,1,8:17 PM,10:05,Middleton REBOUND (Off:0 Def:1),,,,,4,203114,Khris Middleton,1610612749.0,Milwaukee,Bucks,MIL,0,0,,,,,,0,0,,,,,,1
0022100344,28,1,98,1,8:18 PM,9:57,Holiday 2' Cutting Layup Shot (2 PTS) (Middleton 1 AST),,,0 - 2,2,4,201950,Jrue Holiday,1610612749.0,Milwaukee,Bucks,MIL,4,203114,Khris Middleton,1610612749.0,Milwaukee,Bucks,MIL,0,0,,,,,,1
0022100344,30,2,1,1,8:18 PM,9:47,,,MISS Herro 26' 3PT Jump Shot,,,5,1629639,Tyler Herro,1610612748.0,Miami,Heat,MIA,0,0,,,,,,0,0,,,,,,1
0022100344,31,4,0,1,8:18 PM,9:43,Portis REBOUND (Off:1 Def:3),,,,,4,1626171,Bobby Portis,1610612749.0,Milwaukee,Bucks,MIL,0,0,,,,,,0,0,,,,,,1
0022100344,32,1,101,1,8:18 PM,9:36,Middleton 13' Driving Floating Jump Shot (2 PTS),,,0 - 4,4,4,203114,Khris Middleton,1610612749.0,Milwaukee,Bucks,MIL,0,0,,,,,,0,0,,,,,,1
0022100344,33,6,2,1,8:18 PM,9:36,,,Herro S.FOUL (P1.T2) (T.Maddox),,,5,1629639,Tyler Herro,1610612748.0,Miami,Heat,MIA,4,203114,Khris Middleton,1610612749.0,Milwaukee,Bucks,MIL,1,0,,,,,,1
0022100344,35,3,10,1,8:19 PM,9:36,Middleton Free Throw 1 of 1 (3 PTS),,,0 - 5,5,4,203114,Khris Middleton,1610612749.0,Milwaukee,Bucks,MIL,0,0,,,,,,0,0,,,,,,1
0022100344,36,5,8,1,8:20 PM,9:20,,,Dedmon 3 Second Violation Turnover (P1.T1),,,5,203473,Dewayne Dedmon,1610612748.0,Miami,Heat,MIA,0,0,,,,,,1,0,,,,,,1
0022100344,37,2,47,1,8:20 PM,9:09,MISS Middleton 14' Turnaround Jump Shot,,,,,4,203114,Khris Middleton,1610612749.0,Milwaukee,Bucks,MIL,0,0,,,,,,0,0,,,,,,1
0022100344,38,4,0,1,8:20 PM,9:06,,,Dedmon REBOUND (Off:1 Def:1),,,5,203473,Dewayne Dedmon,1610612748.0,Miami,Heat,MIA,0,0,,,,,,0,0,,,,,,1
0022100344,39,2,79,1,8:20 PM,8:48,,,MISS Herro 15' Pullup Jump Shot,,,5,1629639,Tyler Herro,1610612748.0,Miami,Heat,MIA,0,0,,,,,,0,0,,,,,,1
0022100344,40,4,0,1,8:20 PM,8:45,Connaughton REBOUND (Off:0 Def:1),,,,,4,1626192,Pat Connaughton,1610612749.0,Milwaukee,Bucks,MIL,0,0,,,,,,0,0,,,,,,1
0022100344,41,2,1,1,8:21 PM,8:22,MISS Holiday 24' 3PT Jump Shot,,,,,4,201950,Jrue Holiday,1610612749.0,Milwaukee,Bucks,MIL,0,0,,,,,,0,0,,,,,,1
0022100344,42,4,0,1,8:21 PM,8:19,,,Dedmon REBOUND (Off:1 Def:2),,,5,203473,Dewayne Dedmon,1610612748.0,Miami,Heat,MIA,0,0,,,,,,0,0,,,,,,1
0022100344,43,1,1,1,8:21 PM,8:13,,,Dedmon 26' 3PT Jump Shot (3 PTS) (Lowry 1 AST),3 - 5,2,5,203473,Dewayne Dedmon,1610612748.0,Miami,Heat,MIA,5,200768,Kyle Lowry,1610612748.0,Miami,Heat,MIA,0,0,,,,,,1
0022100344,45,1,108,1,8:21 PM,8:00,Mamukelashvili 1' Cutting Dunk Shot (2 PTS) (Portis 1 AST),,,3 - 7,4,4,1630572,Sandro Mamukelashvili,1610612749.0,Milwaukee,Bucks,MIL,4,1626171,Bobby Portis,1610612749.0,Milwaukee,Bucks,MIL,0,0,,,,,,1
0022100344,47,2,1,1,8:22 PM,7:43,,,MISS Lowry 25' 3PT Jump Shot,,,5,200768,Kyle Lowry,1610612748.0,Miami,Heat,MIA,0,0,,,,,,0,0,,,,,,1
0022100344,48,4,0,1,8:22 PM,7:38,,,Tucker REBOUND (Off:1 Def:0),,,5,200782,P.J. Tucker,1610612748.0,Miami,Heat,MIA,0,0,,,,,,0,0,,,,,,1
0022100344,49,1,1,1,8:22 PM,7:30,,,Dedmon 26' 3PT Jump Shot (6 PTS) (Herro 1 AST),6 - 7,1,5,203473,Dewayne Dedmon,1610612748.0,Miami,Heat,MIA,5,1629639,Tyler Herro,1610612748.0,Miami,Heat,MIA,0,0,,,,,,1
0022100344,51,1,1,1,8:22 PM,7:16,Connaughton 26' 3PT Jump Shot (3 PTS) (Middleton 2 AST),,,6 - 10,4,4,1626192,Pat Connaughton,1610612749.0,Milwaukee,Bucks,MIL,4,203114,Khris Middleton,1610612749.0,Milwaukee,Bucks,MIL,0,0,,,,,,1
0022100344,53,6,1,1,8:22 PM,7:07,Connaughton P.FOUL (P1.T2) (K.Scott),,,,,4,1626192,Pat Connaughton,1610612749.0,Milwaukee,Bucks,MIL,5,200768,Kyle Lowry,1610612748.0,Miami,Heat,MIA,1,0,,,,,,1
0022100344,55,8,0,1,8:22 PM,7:07,SUB: Hood FOR Mamukelashvili,,,,,4,1630572,Sandro Mamukelashvili,1610612749.0,Milwaukee,Bucks,MIL,4,203918,Rodney Hood,1610612749.0,Milwaukee,Bucks,MIL,0,0,,,,,,0
0022100344,57,2,101,1,8:23 PM,6:58,Hood BLOCK (1 BLK),,MISS Herro 8' Driving Floating Jump Shot,,,5,1629639,Tyler Herro,1610612748.0,Miami,Heat,MIA,0,0,,,,,,4,203918,Rodney Hood,1610612749.0,Milwaukee,Bucks,MIL,1
0022100344,59,4,0,1,8:23 PM,6:54,Middleton REBOUND (Off:0 Def:2),,,,,4,203114,Khris Middleton,1610612749.0,Milwaukee,Bucks,MIL,0,0,,,,,,0,0,,,,,,1
0022100344,60,2,50,1,8:23 PM,6:53,MISS Connaughton 5' Running Dunk,,,,,4,1626192,Pat Connaughton,1610612749.0,Milwaukee,Bucks,MIL,0,0,,,,,,0,0,,,,,,1
0022100344,61,4,0,1,8:23 PM,6:53,,,Dedmon REBOUND (Off:1 Def:3),,,5,203473,Dewayne Dedmon,1610612748.0,Miami,Heat,MIA,0,0,,,,,,0,0,,,,,,1
0022100344,62,6,28,1,8:23 PM,6:53,Middleton Personal Take Foul (P1.T3) (T.Maddox),,,,,4,203114,Khris Middleton,1610612749.0,Milwaukee,Bucks,MIL,5,203473,Dewayne Dedmon,1610612748.0,Miami,Heat,MIA,1,0,,,,,,1
0022100344,64,9,1,1,8:24 PM,6:53,BUCKS Timeout: Regular (Full 1 Short 0),,,,,2,1610612749,,,,,,0,0,,,,,,0,0,,,,,,0
0022100344,65,2,1,1,8:26 PM,6:33,,,MISS Herro 3PT Jump Shot,,,5,1629639,Tyler Herro,1610612748.0,Miami,Heat,MIA,0,0,,,,,,0,0,,,,,,1
0022100344,66,4,0,1,8:26 PM,6:30,,,Herro REBOUND (Off:1 Def:2),,,5,1629639,Tyler Herro,1610612748.0,Miami,Heat,MIA,0,0,,,,,,0,0,,,,,,1
0022100344,67,2,79,1,8:26 PM,6:28,,,MISS Robinson 25' 3PT Pullup Jump Shot,,,5,1629130,Duncan Robinson,1610612748.0,Miami,Heat,MIA,0,0,,,,,,0,0,,,,,,1
0022100344,68,4,0,1,8:26 PM,6:28,,,Herro REBOUND (Off:2 Def:2),,,5,1629639,Tyler Herro,1610612748.0,Miami,Heat,MIA,0,0,,,,,,0,0,,,,,,1
0022100344,69,1,97,1,8:27 PM,6:21,,,Herro Tip Layup Shot (2 PTS),8 - 10,2,5,1629639,Tyler Herro,1610612748.0,Miami,Heat,MIA,0,0,,,,,,0,0,,,,,,1
0022100344,70,2,79,1,8:27 PM,6:15,MISS Middleton 25' 3PT Pullup Jump Shot,,,,,4,203114,Khris Middleton,1610612749.0,Milwaukee,Bucks,MIL,0,0,,,,,,0,0,,,,,,1
0022100344,71,4,0,1,8:27 PM,6:13,Connaughton REBOUND (Off:1 Def:1),,,,,4,1626192,Pat Connaughton,1610612749.0,Milwaukee,Bucks,MIL,0,0,,,,,,0,0,,,,,,1
0022100344,72,1,6,1,8:27 PM,6:07,Middleton 3' Driving Layup (5 PTS) (Portis 2 AST),,,8 - 12,4,4,203114,Khris Middleton,1610612749.0,Milwaukee,Bucks,MIL,4,1626171,Bobby Portis,1610612749.0,Milwaukee,Bucks,MIL,0,0,,,,,,1
0022100344,74,1,58,1,8:27 PM,5:53,,,Tucker 3' Turnaround Hook Shot (2 PTS) (Lowry 2 AST),10 - 12,2,5,200782,P.J. Tucker,1610612748.0,Miami,Heat,MIA,5,200768,Kyle Lowry,1610612748.0,Miami,Heat,MIA,0,0,,,,,,1
0022100344,76,1,57,1,8:27 PM,5:30,Holiday 6' Driving Hook Shot (4 PTS),,,10 - 14,4,4,201950,Jrue Holiday,1610612749.0,Milwaukee,Bucks,MIL,0,0,,,,,,0,0,,,,,,1
0022100344,77,1,43,1,8:28 PM,5:10,,,Dedmon 2' Alley Oop Layup (8 PTS) (Herro 2 AST),12 - 14,2,5,203473,Dewayne Dedmon,1610612748.0,Miami,Heat,MIA,5,1629639,Tyler Herro,1610612748.0,Miami,Heat,MIA,0,0,,,,,,1
0022100344,79,1,80,1,8:28 PM,4:58,Holiday 27' 3PT Step Back Jump Shot (7 PTS),,,12 - 17,5,4,201950,Jrue Holiday,1610612749.0,Milwaukee,Bucks,MIL,0,0,,,,,,0,0,,,,,,1
0022100344,80,1,6,1,8:28 PM,4:38,,,Herro 1' Driving Layup (4 PTS) (Lowry 3 AST),14 - 17,3,5,1629639,Tyler Herro,1610612748.0,Miami,Heat,MIA,5,200768,Kyle Lowry,1610612748.0,Miami,Heat,MIA,0,0,,,,,,1
0022100344,81,1,101,1,8:29 PM,4:19,Hood 11' Driving Floating Jump Shot (2 PTS) (Holiday 1 AST),,,14 - 19,5,4,203918,Rodney Hood,1610612749.0,Milwaukee,Bucks,MIL,4,201950,Jrue Holiday,1610612749.0,Milwaukee,Bucks,MIL,0,0,,,,,,1
0022100344,83,9,1,1,8:29 PM,4:14,,,Heat Timeout: Regular (Reg.1 Short 0),,,3,1610612748,,,,,,0,0,,,,,,0,0,,,,,,0
0022100344,85,8,0,1,8:31 PM,4:14,SUB: Smart FOR Portis,,,,,4,1626171,Bobby Portis,1610612749.0,Milwaukee,Bucks,MIL,4,1630606,Javonte Smart,1610612749.0,Milwaukee,Bucks,MIL,0,0,,,,,,0
0022100344,86,8,0,1,8:31 PM,4:14,SUB: Cousins FOR Middleton,,,,,4,203114,Khris Middleton,1610612749.0,Milwaukee,Bucks,MIL,4,202326,DeMarcus Cousins,1610612749.0,Milwaukee,Bucks,MIL,0,0,,,,,,0
0022100344,87,8,0,1,8:31 PM,4:14,SUB: Antetokounmpo FOR Connaughton,,,,,4,1626192,Pat Connaughton,1610612749.0,Milwaukee,Bucks,MIL,4,203648,Thanasis Antetokounmpo,1610612749.0,Milwaukee,Bucks,MIL,0,0,,,,,,0
0022100344,88,8,0,1,8:31 PM,4:14,,,SUB: Yurtseven FOR Lowry,,,5,200768,Kyle Lowry,1610612748.0,Miami,Heat,MIA,5,1630209,Omer Yurtseven,1610612748.0,Miami,Heat,MIA,0,0,,,,,,0
0022100344,89,8,0,1,8:31 PM,4:14,,,SUB: Vincent FOR Dedmon,,,5,203473,Dewayne Dedmon,1610612748.0,Miami,Heat,MIA,5,1629216,Gabe Vincent,1610612748.0,Miami,Heat,MIA,0,0,,,,,,0
0022100344,95,5,39,1,8:32 PM,4:06,,,Herro Step Out of Bounds Turnover (P1.T2),,,5,1629639,Tyler Herro,1610612748.0,Miami,Heat,MIA,0,0,,,,,,1,0,,,,,,1
0022100344,96,6,2,1,8:32 PM,3:50,,,Tucker S.FOUL (P2.T3) (D.Richardson),,,5,200782,P.J. Tucker,1610612748.0,Miami,Heat,MIA,4,201950,Jrue Holiday,1610612749.0,Milwaukee,Bucks,MIL,1,0,,,,,,1
0022100344,98,3,11,1,8:33 PM,3:50,Holiday Free Throw 1 of 2 (8 PTS),,,14 - 20,6,4,201950,Jrue Holiday,1610612749.0,Milwaukee,Bucks,MIL,0,0,,,,,,0,0,,,,,,1
0022100344,99,8,0,1,8:33 PM,3:50,,,SUB: Martin FOR Tucker,,,5,200782,P.J. Tucker,1610612748.0,Miami,Heat,MIA,5,1628997,Caleb Martin,1610612748.0,Miami,Heat,MIA,0,0,,,,,,0
0022100344,101,3,12,1,8:33 PM,3:50,Holiday Free Throw 2 of 2 (9 PTS),,,14 - 21,7,4,201950,Jrue Holiday,1610612749.0,Milwaukee,Bucks,MIL,0,0,,,,,,0,0,,,,,,1
0022100344,102,2,79,1,8:33 PM,3:35,,,MISS Vincent 15' Pullup Jump Shot,,,5,1629216,Gabe Vincent,1610612748.0,Miami,Heat,MIA,0,0,,,,,,0,0,,,,,,1
0022100344,103,4,0,1,8:33 PM,3:35,,,Heat Rebound,,,3,1610612748,,,,,,0,0,,,,,,0,0,,,,,,0
0022100344,105,1,5,1,8:34 PM,3:32,,,Vincent 1' Layup (2 PTS) (Robinson 1 AST),16 - 21,5,5,1629216,Gabe Vincent,1610612748.0,Miami,Heat,MIA,5,1629130,Duncan Robinson,1610612748.0,Miami,Heat,MIA,0,0,,,,,,1
0022100344,107,1,80,1,8:34 PM,3:12,Holiday 29' 3PT Step Back Jump Shot (12 PTS),,,16 - 24,8,4,201950,Jrue Holiday,1610612749.0,Milwaukee,Bucks,MIL,0,0,,,,,,0,0,,,,,,1
0022100344,108,5,39,1,8:34 PM,3:05,,,Martin Step Out of Bounds Turnover (P1.T3),,,5,1628997,Caleb Martin,1610612748.0,Miami,Heat,MIA,0,0,,,,,,1,0,,,,,,1
0022100344,109,1,5,1,8:35 PM,2:53,Cousins 3' Layup (2 PTS) (Holiday 2 AST),,,16 - 26,10,4,202326,DeMarcus Cousins,1610612749.0,Milwaukee,Bucks,MIL,4,201950,Jrue Holiday,1610612749.0,Milwaukee,Bucks,MIL,0,0,,,,,,1
0022100344,111,1,9,1,8:35 PM,2:36,,,Martin Driving Dunk (2 PTS) (Herro 3 AST),18 - 26,8,5,1628997,Caleb Martin,1610612748.0,Miami,Heat,MIA,5,1629639,Tyler Herro,1610612748.0,Miami,Heat,MIA,0,0,,,,,,1
0022100344,113,5,1,1,8:35 PM,2:18,Smart Bad Pass Turnover (P1.T2),,Martin STEAL (1 STL),,,4,1630606,Javonte Smart,1610612749.0,Milwaukee,Bucks,MIL,5,1628997,Caleb Martin,1610612748.0,Miami,Heat,MIA,0,0,,,,,,1
0022100344,115,2,41,1,8:35 PM,2:15,,,MISS Martin 1' Running Layup,,,5,1628997,Caleb Martin,1610612748.0,Miami,Heat,MIA,0,0,,,,,,0,0,,,,,,1
0022100344,116,4,0,1,8:35 PM,2:12,Hood REBOUND (Off:0 Def:1),,,,,4,203918,Rodney Hood,1610612749.0,Milwaukee,Bucks,MIL,0,0,,,,,,0,0,,,,,,1
0022100344,117,2,41,1,8:36 PM,2:08,MISS Cousins 6' Running Layup,,,,,4,202326,DeMarcus Cousins,1610612749.0,Milwaukee,Bucks,MIL,0,0,,,,,,0,0,,,,,,1
0022100344,118,4,0,1,8:36 PM,2:02,Antetokounmpo REBOUND (Off:1 Def:0),,,,,4,203648,Thanasis Antetokounmpo,1610612749.0,Milwaukee,Bucks,MIL,0,0,,,,,,0,0,,,,,,1
0022100344,119,1,97,1,8:36 PM,2:02,Antetokounmpo Tip Layup Shot (2 PTS),,,18 - 28,10,4,203648,Thanasis Antetokounmpo,1610612749.0,Milwaukee,Bucks,MIL,0,0,,,,,,0,0,,,,,,1
0022100344,120,6,2,1,8:36 PM,1:52,Antetokounmpo S.FOUL (P1.T4) (T.Maddox),,,,,4,203648,Thanasis Antetokounmpo,1610612749.0,Milwaukee,Bucks,MIL,5,1630209,Omer Yurtseven,1610612748.0,Miami,Heat,MIA,1,0,,,,,,1
0022100344,122,3,11,1,8:36 PM,1:52,,,Yurtseven Free Throw 1 of 2 (1 PTS),19 - 28,9,5,1630209,Omer Yurtseven,1610612748.0,Miami,Heat,MIA,0,0,,,,,,0,0,,,,,,1
0022100344,123,8,0,1,8:36 PM,1:52,SUB: Matthews FOR Hood,,,,,4,203918,Rodney Hood,1610612749.0,Milwaukee,Bucks,MIL,4,202083,Wesley Matthews,1610612749.0,Milwaukee,Bucks,MIL,0,0,,,,,,0
0022100344,124,8,0,1,8:36 PM,1:52,,,SUB: Strus FOR Robinson,,,5,1629130,Duncan Robinson,1610612748.0,Miami,Heat,MIA,5,1629622,Max Strus,1610612748.0,Miami,Heat,MIA,0,0,,,,,,0
0022100344,127,3,12,1,8:37 PM,1:52,,,Yurtseven Free Throw 2 of 2 (2 PTS),20 - 28,8,5,1630209,Omer Yurtseven,1610612748.0,Miami,Heat,MIA,0,0,,,,,,0,0,,,,,,1
0022100344,128,1,108,1,8:37 PM,1:40,Antetokounmpo 2' Cutting Dunk Shot (4 PTS) (Cousins 1 AST),,,20 - 30,10,4,203648,Thanasis Antetokounmpo,1610612749.0,Milwaukee,Bucks,MIL,4,202326,DeMarcus Cousins,1610612749.0,Milwaukee,Bucks,MIL,0,0,,,,,,1
0022100344,130,2,79,1,8:37 PM,1:16,Antetokounmpo BLOCK (1 BLK),,MISS Herro 17' Pullup Jump Shot,,,5,1629639,Tyler Herro,1610612748.0,Miami,Heat,MIA,0,0,,,,,,4,203648,Thanasis Antetokounmpo,1610612749.0,Milwaukee,Bucks,MIL,1
0022100344,132,4,0,1,8:37 PM,1:12,Smart REBOUND (Off:0 Def:1),,,,,4,1630606,Javonte Smart,1610612749.0,Milwaukee,Bucks,MIL,0,0,,,,,,0,0,,,,,,1
0022100344,133,5,45,1,8:37 PM,1:12,Smart Out of Bounds - Bad Pass Turnover Turnover (P2.T3),,,,,4,1630606,Javonte Smart,1610612749.0,Milwaukee,Bucks,MIL,0,0,,,,,,1,0,,,,,,1
0022100344,134,8,0,1,8:37 PM,1:12,,,SUB: Lowry FOR Herro,,,5,1629639,Tyler Herro,1610612748.0,Miami,Heat,MIA,5,200768,Kyle Lowry,1610612748.0,Miami,Heat,MIA,0,0,,,,,,0
0022100344,136,6,1,1,8:38 PM,1:07,Cousins P.FOUL (P1.PN) (D.Richardson),,,,,4,202326,DeMarcus Cousins,1610612749.0,Milwaukee,Bucks,MIL,5,1630209,Omer Yurtseven,1610612748.0,Miami,Heat,MIA,1,0,,,,,,1
0022100344,138,3,11,1,8:38 PM,1:07,,,MISS Yurtseven Free Throw 1 of 2,,,5,1630209,Omer Yurtseven,1610612748.0,Miami,Heat,MIA,0,0,,,,,,0,0,,,,,,1
0022100344,139,4,1,1,8:38 PM,1:07,,,Heat Rebound,,,3,1610612748,,,,,,0,0,,,,,,0,0,,,,,,0
0022100344,140,8,0,1,8:39 PM,1:07,SUB: Middleton FOR Holiday,,,,,4,201950,Jrue Holiday,1610612749.0,Milwaukee,Bucks,MIL,4,203114,Khris Middleton,1610612749.0,Milwaukee,Bucks,MIL,0,0,,,,,,0
0022100344,142,3,12,1,8:39 PM,1:07,,,Yurtseven Free Throw 2 of 2 (3 PTS),21 - 30,9,5,1630209,Omer Yurtseven,1610612748.0,Miami,Heat,MIA,0,0,,,,,,0,0,,,,,,1
0022100344,143,2,44,1,8:39 PM,0:47,MISS Antetokounmpo 3' Reverse Layup,,,,,4,203648,Thanasis Antetokounmpo,1610612749.0,Milwaukee,Bucks,MIL,0,0,,,,,,0,0,,,,,,1
0022100344,144,4,0,1,8:39 PM,0:47,Cousins REBOUND (Off:1 Def:0),,,,,4,202326,DeMarcus Cousins,1610612749.0,Milwaukee,Bucks,MIL,0,0,,,,,,0,0,,,,,,1
0022100344,145,6,2,1,8:39 PM,0:47,,,Vincent S.FOUL (P1.T4) (D.Richardson),,,5,1629216,Gabe Vincent,1610612748.0,Miami,Heat,MIA,4,202326,DeMarcus Cousins,1610612749.0,Milwaukee,Bucks,MIL,1,0,,,,,,1
0022100344,147,3,11,1,8:40 PM,0:47,Cousins Free Throw 1 of 2 (3 PTS),,,21 - 31,10,4,202326,DeMarcus Cousins,1610612749.0,Milwaukee,Bucks,MIL,0,0,,,,,,0,0,,,,,,1
0022100344,148,3,12,1,8:40 PM,0:47,Cousins Free Throw 2 of 2 (4 PTS),,,21 - 32,11,4,202326,DeMarcus Cousins,1610612749.0,Milwaukee,Bucks,MIL,0,0,,,,,,0,0,,,,,,1
0022100344,150,2,79,1,8:40 PM,0:29,,,MISS Lowry 29' 3PT Pullup Jump Shot,,,5,200768,Kyle Lowry,1610612748.0,Miami,Heat,MIA,0,0,,,,,,0,0,,,,,,1
0022100344,151,4,0,1,8:40 PM,0:28,,,Strus REBOUND (Off:1 Def:0),,,5,1629622,Max Strus,1610612748.0,Miami,Heat,MIA,0,0,,,,,,0,0,,,,,,1
0022100344,152,6,1,1,8:41 PM,0:28,Middleton P.FOUL (P2.PN) (D.Richardson),,,,,4,203114,Khris Middleton,1610612749.0,Milwaukee,Bucks,MIL,5,1629622,Max Strus,1610612748.0,Miami,Heat,MIA,1,0,,,,,,1
0022100344,154,3,11,1,8:41 PM,0:28,,,Strus Free Throw 1 of 2 (1 PTS),22 - 32,10,5,1629622,Max Strus,1610612748.0,Miami,Heat,MIA,0,0,,,,,,0,0,,,,,,1
0022100344,155,8,0,1,8:41 PM,0:28,SUB: Connaughton FOR Antetokounmpo,,,,,4,203648,Thanasis Antetokounmpo,1610612749.0,Milwaukee,Bucks,MIL,4,1626192,Pat Connaughton,1610612749.0,Milwaukee,Bucks,MIL,0,0,,,,,,0
0022100344,157,3,12,1,8:41 PM,0:28,,,Strus Free Throw 2 of 2 (2 PTS),23 - 32,9,5,1629622,Max Strus,1610612748.0,Miami,Heat,MIA,0,0,,,,,,0,0,,,,,,1
0022100344,158,6,1,1,8:42 PM,0:16,,,Yurtseven P.FOUL (P1.PN) (T.Maddox),,,5,1630209,Omer Yurtseven,1610612748.0,Miami,Heat,MIA,4,202326,DeMarcus Cousins,1610612749.0,Milwaukee,Bucks,MIL,1,0,,,,,,1
0022100344,160,3,11,1,8:42 PM,0:16,Cousins Free Throw 1 of 2 (5 PTS),,,23 - 33,10,4,202326,DeMarcus Cousins,1610612749.0,Milwaukee,Bucks,MIL,0,0,,,,,,0,0,,,,,,1
0022100344,161,8,0,1,8:42 PM,0:16,SUB: Antetokounmpo FOR Middleton,,,,,4,203114,Khris Middleton,1610612749.0,Milwaukee,Bucks,MIL,4,203648,Thanasis Antetokounmpo,1610612749.0,Milwaukee,Bucks,MIL,0,0,,,,,,0
0022100344,163,3,12,1,8:43 PM,0:16,Cousins Free Throw 2 of 2 (6 PTS),,,23 - 34,11,4,202326,DeMarcus Cousins,1610612749.0,Milwaukee,Bucks,MIL,0,0,,,,,,0,0,,,,,,1
0022100344,164,5,45,1,8:43 PM,0:01,,,Lowry Out of Bounds - Bad Pass Turnover Turnover (P1.T4),,,5,200768,Kyle Lowry,1610612748.0,Miami,Heat,MIA,0,0,,,,,,0,0,,,,,,1
0022100344,165,2,86,1,8:43 PM,0:00,MISS Cousins 14' Turnaround Fadeaway Shot,,,,,4,202326,DeMarcus Cousins,1610612749.0,Milwaukee,Bucks,MIL,0,0,,,,,,0,0,,,,,,1
0022100344,166,4,0,1,8:43 PM,0:00,BUCKS Rebound,,,,,2,1610612749,,,,,,0,0,,,,,,0,0,,,,,,0
0022100344,167,13,0,1,8:44 PM,0:00,,End of 1st Period (8:44 PM EST),,23 - 34,11,0,0,,,,,,0,0,,,,,,0,0,,,,,,1
0022100344,172,12,0,2,8:46 PM,12:00,,Start of 2nd Period (8:46 PM EST),,23 - 34,11,0,0,,,,,,0,0,,,,,,0,0,,,,,,0
0022100344,173,1,1,2,8:46 PM,11:44,,,Strus 28' 3PT Jump Shot (5 PTS) (Lowry 4 AST),26 - 34,8,5,1629622,Max Strus,1610612748.0,Miami,Heat,MIA,5,200768,Kyle Lowry,1610612748.0,Miami,Heat,MIA,0,0,,,,,,1
0022100344,175,1,47,2,8:47 PM,11:25,Portis 14' Turnaround Jump Shot (2 PTS) (Middleton 3 AST),,,26 - 36,10,4,1626171,Bobby Portis,1610612749.0,Milwaukee,Bucks,MIL,4,203114,Khris Middleton,1610612749.0,Milwaukee,Bucks,MIL,0,0,,,,,,1
0022100344,177,1,1,2,8:47 PM,11:12,,,Strus 27' 3PT Jump Shot (8 PTS) (Martin 1 AST),29 - 36,7,5,1629622,Max Strus,1610612748.0,Miami,Heat,MIA,5,1628997,Caleb Martin,1610612748.0,Miami,Heat,MIA,0,0,,,,,,1
0022100344,179,2,1,2,8:47 PM,10:51,MISS Smart 27' 3PT Jump Shot,,,,,4,1630606,Javonte Smart,1610612749.0,Milwaukee,Bucks,MIL,0,0,,,,,,0,0,,,,,,1
0022100344,180,4,0,2,8:47 PM,10:51,Portis REBOUND (Off:2 Def:3),,,,,4,1626171,Bobby Portis,1610612749.0,Milwaukee,Bucks,MIL,0,0,,,,,,0,0,,,,,,1
0022100344,181,6,2,2,8:47 PM,10:51,,,Yurtseven S.FOUL (P2.T1) (K.Scott),,,5,1630209,Omer Yurtseven,1610612748.0,Miami,Heat,MIA,4,1626171,Bobby Portis,1610612749.0,Milwaukee,Bucks,MIL,1,0,,,,,,1
0022100344,183,3,11,2,8:48 PM,10:51,Portis Free Throw 1 of 2 (3 PTS),,,29 - 37,8,4,1626171,Bobby Portis,1610612749.0,Milwaukee,Bucks,MIL,0,0,,,,,,0,0,,,,,,1
0022100344,184,8,0,2,8:48 PM,10:51,SUB: Connaughton FOR Antetokounmpo,,,,,4,203648,Thanasis Antetokounmpo,1610612749.0,Milwaukee,Bucks,MIL,4,1626192,Pat Connaughton,1610612749.0,Milwaukee,Bucks,MIL,0,0,,,,,,0
0022100344,185,8,0,2,8:48 PM,10:51,,,SUB: Dedmon FOR Yurtseven,,,5,1630209,Omer Yurtseven,1610612748.0,Miami,Heat,MIA,5,203473,Dewayne Dedmon,1610612748.0,Miami,Heat,MIA,0,0,,,,,,0
0022100344,188,3,12,2,8:48 PM,10:51,Portis Free Throw 2 of 2 (4 PTS),,,29 - 38,9,4,1626171,Bobby Portis,1610612749.0,Milwaukee,Bucks,MIL,0,0,,,,,,0,0,,,,,,1
0022100344,189,6,4,2,8:49 PM,10:43,,,Lowry OFF.Foul (P1) (D.Richardson),,,5,200768,Kyle Lowry,1610612748.0,Miami,Heat,MIA,4,202083,Wesley Matthews,1610612749.0,Milwaukee,Bucks,MIL,1,0,,,,,,1
0022100344,191,5,37,2,8:49 PM,10:43,,,Lowry Offensive Foul Turnover (P2.T5),,,5,200768,Kyle Lowry,1610612748.0,Miami,Heat,MIA,0,0,,,,,,1,0,,,,,,1
0022100344,192,1,1,2,8:49 PM,10:31,Middleton 28' 3PT Jump Shot (8 PTS) (Smart 1 AST),,,29 - 41,12,4,203114,Khris Middleton,1610612749.0,Milwaukee,Bucks,MIL,4,1630606,Javonte Smart,1610612749.0,Milwaukee,Bucks,MIL,0,0,,,,,,1
0022100344,194,2,6,2,8:49 PM,10:17,Portis BLOCK (1 BLK),,MISS Lowry 2' Driving Layup,,,5,200768,Kyle Lowry,1610612748.0,Miami,Heat,MIA,0,0,,,,,,4,1626171,Bobby Portis,1610612749.0,Milwaukee,Bucks,MIL,1
0022100344,196,4,0,2,8:49 PM,10:13,Portis REBOUND (Off:2 Def:4),,,,,4,1626171,Bobby Portis,1610612749.0,Milwaukee,Bucks,MIL,0,0,,,,,,0,0,,,,,,1
0022100344,197,2,2,2,8:49 PM,10:10,MISS Matthews 24' 3PT Running Jump Shot,,,,,4,202083,Wesley Matthews,1610612749.0,Milwaukee,Bucks,MIL,0,0,,,,,,0,0,,,,,,1
0022100344,198,4,0,2,8:50 PM,10:08,Portis REBOUND (Off:3 Def:4),,,,,4,1626171,Bobby Portis,1610612749.0,Milwaukee,Bucks,MIL,0,0,,,,,,0,0,,,,,,1
0022100344,199,2,1,2,8:50 PM,10:05,MISS Smart 26' 3PT Jump Shot,,,,,4,1630606,Javonte Smart,1610612749.0,Milwaukee,Bucks,MIL,0,0,,,,,,0,0,,,,,,1
0022100344,200,4,0,2,8:50 PM,10:05,,,Martin REBOUND (Off:0 Def:1),,,5,1628997,Caleb Martin,1610612748.0,Miami,Heat,MIA,0,0,,,,,,0,0,,,,,,1
0022100344,201,2,58,2,8:50 PM,9:43,,,MISS Dedmon 4' Turnaround Hook Shot,,,5,203473,Dewayne Dedmon,1610612748.0,Miami,Heat,MIA,0,0,,,,,,0,0,,,,,,1
0022100344,202,4,0,2,8:50 PM,9:40,Portis REBOUND (Off:3 Def:5),,,,,4,1626171,Bobby Portis,1610612749.0,Milwaukee,Bucks,MIL,0,0,,,,,,0,0,,,,,,1
0022100344,203,2,79,2,8:50 PM,9:35,MISS Middleton 28' 3PT Pullup Jump Shot,,,,,4,203114,Khris Middleton,1610612749.0,Milwaukee,Bucks,MIL,0,0,,,,,,0,0,,,,,,1
0022100344,204,4,0,2,8:50 PM,9:32,,,Dedmon REBOUND (Off:1 Def:4),,,5,203473,Dewayne Dedmon,1610612748.0,Miami,Heat,MIA,0,0,,,,,,0,0,,,,,,1
0022100344,205,6,2,2,8:50 PM,9:18,Smart S.FOUL (P1.T1) (T.Maddox),,,,,4,1630606,Javonte Smart,1610612749.0,Milwaukee,Bucks,MIL,5,1628997,Caleb Martin,1610612748.0,Miami,Heat,MIA,1,0,,,,,,1
0022100344,207,3,11,2,8:51 PM,9:18,,,Martin Free Throw 1 of 2 (3 PTS),30 - 41,11,5,1628997,Caleb Martin,1610612748.0,Miami,Heat,MIA,0,0,,,,,,0,0,,,,,,1
0022100344,208,8,0,2,8:51 PM,9:18,SUB: Hood FOR Matthews,,,,,4,202083,Wesley Matthews,1610612749.0,Milwaukee,Bucks,MIL,4,203918,Rodney Hood,1610612749.0,Milwaukee,Bucks,MIL,0,0,,,,,,0
0022100344,210,3,12,2,8:51 PM,9:18,,,Martin Free Throw 2 of 2 (4 PTS),31 - 41,10,5,1628997,Caleb Martin,1610612748.0,Miami,Heat,MIA,0,0,,,,,,0,0,,,,,,1
0022100344,211,2,1,2,8:52 PM,9:00,MISS Portis 15' Jump Shot,,,,,4,1626171,Bobby Portis,1610612749.0,Milwaukee,Bucks,MIL,0,0,,,,,,0,0,,,,,,1
0022100344,212,4,0,2,8:52 PM,8:56,,,Dedmon REBOUND (Off:1 Def:5),,,5,203473,Dewayne Dedmon,1610612748.0,Miami,Heat,MIA,0,0,,,,,,0,0,,,,,,1
0022100344,213,1,103,2,8:52 PM,8:53,,,Martin 26' 3PT Running Pull-Up Jump Shot (7 PTS) (Lowry 5 AST),34 - 41,7,5,1628997,Caleb Martin,1610612748.0,Miami,Heat,MIA,5,200768,Kyle Lowry,1610612748.0,Miami,Heat,MIA,0,0,,,,,,1
0022100344,214,1,41,2,8:52 PM,8:46,Smart 2' Running Layup (2 PTS) (Middleton 4 AST),,,34 - 43,9,4,1630606,Javonte Smart,1610612749.0,Milwaukee,Bucks,MIL,4,203114,Khris Middleton,1610612749.0,Milwaukee,Bucks,MIL,0,0,,,,,,1
0022100344,215,1,1,2,8:52 PM,8:33,,,Lowry 27' 3PT Jump Shot (3 PTS) (Vincent 1 AST),37 - 43,6,5,200768,Kyle Lowry,1610612748.0,Miami,Heat,MIA,5,1629216,Gabe Vincent,1610612748.0,Miami,Heat,MIA,0,0,,,,,,1
0022100344,217,2,1,2,8:52 PM,8:17,MISS Portis 26' 3PT Jump Shot,,,,,4,1626171,Bobby Portis,1610612749.0,Milwaukee,Bucks,MIL,0,0,,,,,,0,0,,,,,,1
0022100344,218,4,0,2,8:52 PM,8:14,,,Lowry REBOUND (Off:0 Def:1),,,5,200768,Kyle Lowry,1610612748.0,Miami,Heat,MIA,0,0,,,,,,0,0,,,,,,1
0022100344,219,5,45,2,8:52 PM,8:11,,,Lowry Out of Bounds - Bad Pass Turnover Turnover (P3.T6),,,5,200768,Kyle Lowry,1610612748.0,Miami,Heat,MIA,0,0,,,,,,1,0,,,,,,1
0022100344,220,8,0,2,8:53 PM,8:11,SUB: Holiday FOR Smart,,,,,4,1630606,Javonte Smart,1610612749.0,Milwaukee,Bucks,MIL,4,201950,Jrue Holiday,1610612749.0,Milwaukee,Bucks,MIL,0,0,,,,,,0
0022100344,222,1,1,2,8:53 PM,8:06,Connaughton 27' 3PT Jump Shot (6 PTS) (Hood 1 AST),,,37 - 46,9,4,1626192,Pat Connaughton,1610612749.0,Milwaukee,Bucks,MIL,4,203918,Rodney Hood,1610612749.0,Milwaukee,Bucks,MIL,0,0,,,,,,1
0022100344,224,9,1,2,8:53 PM,8:06,,,Heat Timeout: Regular (Reg.2 Short 0),,,3,1610612748,,,,,,0,0,,,,,,0,0,,,,,,0
0022100344,226,8,0,2,8:55 PM,8:06,SUB: Smart FOR Middleton,,,,,4,203114,Khris Middleton,1610612749.0,Milwaukee,Bucks,MIL,4,1630606,Javonte Smart,1610612749.0,Milwaukee,Bucks,MIL,0,0,,,,,,0
0022100344,227,8,0,2,8:55 PM,8:06,,,SUB: Herro FOR Vincent,,,5,1629216,Gabe Vincent,1610612748.0,Miami,Heat,MIA,5,1629639,Tyler Herro,1610612748.0,Miami,Heat,MIA,0,0,,,,,,0
0022100344,228,8,0,2,8:55 PM,8:06,,,SUB: Robinson FOR Strus,,,5,1629622,Max Strus,1610612748.0,Miami,Heat,MIA,5,1629130,Duncan Robinson,1610612748.0,Miami,Heat,MIA,0,0,,,,,,0
0022100344,234,2,5,2,8:57 PM,7:49,,,MISS Martin Layup,,,5,1628997,Caleb Martin,1610612748.0,Miami,Heat,MIA,0,0,,,,,,0,0,,,,,,1
0022100344,235,4,0,2,8:57 PM,7:45,Hood REBOUND (Off:0 Def:2),,,,,4,203918,Rodney Hood,1610612749.0,Milwaukee,Bucks,MIL,0,0,,,,,,0,0,,,,,,1
0022100344,236,2,1,2,8:57 PM,7:39,MISS Hood 26' 3PT Jump Shot,,,,,4,203918,Rodney Hood,1610612749.0,Milwaukee,Bucks,MIL,0,0,,,,,,0,0,,,,,,1
0022100344,237,4,0,2,8:57 PM,7:39,,,Dedmon REBOUND (Off:1 Def:6),,,5,203473,Dewayne Dedmon,1610612748.0,Miami,Heat,MIA,0,0,,,,,,0,0,,,,,,1
0022100344,238,2,1,2,8:57 PM,7:31,,,MISS Martin 3PT Jump Shot,,,5,1628997,Caleb Martin,1610612748.0,Miami,Heat,MIA,0,0,,,,,,0,0,,,,,,1
0022100344,239,4,0,2,8:57 PM,7:28,Connaughton REBOUND (Off:1 Def:2),,,,,4,1626192,Pat Connaughton,1610612749.0,Milwaukee,Bucks,MIL,0,0,,,,,,0,0,,,,,,1
0022100344,241,1,98,2,8:57 PM,7:21,Connaughton 2' Cutting Layup Shot (8 PTS) (Smart 2 AST),,,37 - 48,11,4,1626192,Pat Connaughton,1610612749.0,Milwaukee,Bucks,MIL,4,1630606,Javonte Smart,1610612749.0,Milwaukee,Bucks,MIL,0,0,,,,,,1
0022100344,243,2,1,2,8:58 PM,7:00,,,MISS Martin 3PT Jump Shot,,,5,1628997,Caleb Martin,1610612748.0,Miami,Heat,MIA,0,0,,,,,,0,0,,,,,,1
0022100344,244,4,0,2,8:58 PM,6:58,Smart REBOUND (Off:0 Def:2),,,,,4,1630606,Javonte Smart,1610612749.0,Milwaukee,Bucks,MIL,0,0,,,,,,0,0,,,,,,1
0022100344,245,1,2,2,8:58 PM,6:54,Connaughton 24' 3PT Running Jump Shot (11 PTS) (Portis 3 AST),,,37 - 51,14,4,1626192,Pat Connaughton,1610612749.0,Milwaukee,Bucks,MIL,4,1626171,Bobby Portis,1610612749.0,Milwaukee,Bucks,MIL,0,0,,,,,,1
0022100344,247,9,1,2,8:58 PM,6:53,,,Heat Timeout: Regular (Reg.3 Short 0),,,3,1610612748,,,,,,0,0,,,,,,0,0,,,,,,0
0022100344,248,8,0,2,9:00 PM,6:53,,,SUB: Tucker FOR Martin,,,5,1628997,Caleb Martin,1610612748.0,Miami,Heat,MIA,5,200782,P.J. Tucker,1610612748.0,Miami,Heat,MIA,0,0,,,,,,0
0022100344,250,1,1,2,9:01 PM,6:32,,,Herro 3PT Jump Shot (7 PTS) (Lowry 6 AST),40 - 51,11,5,1629639,Tyler Herro,1610612748.0,Miami,Heat,MIA,5,200768,Kyle Lowry,1610612748.0,Miami,Heat,MIA,0,0,,,,,,1
0022100344,252,1,1,2,9:01 PM,6:17,Portis 27' 3PT Jump Shot (7 PTS) (Holiday 3 AST),,,40 - 54,14,4,1626171,Bobby Portis,1610612749.0,Milwaukee,Bucks,MIL,4,201950,Jrue Holiday,1610612749.0,Milwaukee,Bucks,MIL,0,0,,,,,,1
0022100344,254,2,102,2,9:02 PM,5:59,,,MISS Tucker 7' Driving Floating Bank Jump Shot,,,5,200782,P.J. Tucker,1610612748.0,Miami,Heat,MIA,0,0,,,,,,0,0,,,,,,1
0022100344,255,4,0,2,9:02 PM,5:56,Portis REBOUND (Off:3 Def:6),,,,,4,1626171,Bobby Portis,1610612749.0,Milwaukee,Bucks,MIL,0,0,,,,,,0,0,,,,,,1
0022100344,256,2,1,2,9:02 PM,5:36,MISS Hood 26' 3PT Jump Shot,,,,,4,203918,Rodney Hood,1610612749.0,Milwaukee,Bucks,MIL,0,0,,,,,,0,0,,,,,,1
0022100344,257,4,0,2,9:02 PM,5:33,,,Herro REBOUND (Off:2 Def:3),,,5,1629639,Tyler Herro,1610612748.0,Miami,Heat,MIA,0,0,,,,,,0,0,,,,,,1
0022100344,258,6,2,2,9:02 PM,5:30,Connaughton S.FOUL (P2.T2) (T.Maddox),,,,,4,1626192,Pat Connaughton,1610612749.0,Milwaukee,Bucks,MIL,5,200768,Kyle Lowry,1610612748.0,Miami,Heat,MIA,1,0,,,,,,1
0022100344,260,3,11,2,9:03 PM,5:30,,,Lowry Free Throw 1 of 2 (4 PTS),41 - 54,13,5,200768,Kyle Lowry,1610612748.0,Miami,Heat,MIA,0,0,,,,,,0,0,,,,,,0
0022100344,267,3,12,2,9:03 PM,5:30,,,MISS Lowry Free Throw 2 of 2,,,5,200768,Kyle Lowry,1610612748.0,Miami,Heat,MIA,0,0,,,,,,0,0,,,,,,1
0022100344,261,8,0,2,9:03 PM,5:30,SUB: Mamukelashvili FOR Hood,,,,,4,203918,Rodney Hood,1610612749.0,Milwaukee,Bucks,MIL,4,1630572,Sandro Mamukelashvili,1610612749.0,Milwaukee,Bucks,MIL,0,0,,,,,,0
0022100344,262,8,0,2,9:03 PM,5:30,SUB: Cousins FOR Portis,,,,,4,1626171,Bobby Portis,1610612749.0,Milwaukee,Bucks,MIL,4,202326,DeMarcus Cousins,1610612749.0,Milwaukee,Bucks,MIL,0,0,,,,,,0
0022100344,263,8,0,2,9:03 PM,5:30,,,SUB: Martin FOR Dedmon,,,5,203473,Dewayne Dedmon,1610612748.0,Miami,Heat,MIA,5,1628997,Caleb Martin,1610612748.0,Miami,Heat,MIA,0,0,,,,,,0
0022100344,268,4,0,2,9:03 PM,5:25,Cousins REBOUND (Off:1 Def:1),,,,,4,202326,DeMarcus Cousins,1610612749.0,Milwaukee,Bucks,MIL,0,0,,,,,,0,0,,,,,,1
0022100344,269,2,1,2,9:03 PM,5:21,MISS Connaughton 26' 3PT Jump Shot,,,,,4,1626192,Pat Connaughton,1610612749.0,Milwaukee,Bucks,MIL,0,0,,,,,,0,0,,,,,,1
0022100344,270,4,0,2,9:03 PM,5:18,Cousins REBOUND (Off:2 Def:1),,,,,4,202326,DeMarcus Cousins,1610612749.0,Milwaukee,Bucks,MIL,0,0,,,,,,0,0,,,,,,1
0022100344,271,2,97,2,9:03 PM,5:18,MISS Cousins Tip Layup Shot,,,,,4,202326,DeMarcus Cousins,1610612749.0,Milwaukee,Bucks,MIL,0,0,,,,,,0,0,,,,,,1
0022100344,272,4,0,2,9:03 PM,5:18,Smart REBOUND (Off:1 Def:2),,,,,4,1630606,Javonte Smart,1610612749.0,Milwaukee,Bucks,MIL,0,0,,,,,,0,0,,,,,,1
0022100344,273,6,2,2,9:03 PM,5:18,,,Martin S.FOUL (P1.T2) (D.Richardson),,,5,1628997,Caleb Martin,1610612748.0,Miami,Heat,MIA,4,1630606,Javonte Smart,1610612749.0,Milwaukee,Bucks,MIL,1,0,,,,,,1
0022100344,275,3,11,2,9:04 PM,5:18,Smart Free Throw 1 of 2 (3 PTS),,,41 - 55,14,4,1630606,Javonte Smart,1610612749.0,Milwaukee,Bucks,MIL,0,0,,,,,,0,0,,,,,,1
0022100344,280,3,12,2,9:04 PM,5:18,MISS Smart Free Throw 2 of 2,,,,,4,1630606,Javonte Smart,1610612749.0,Milwaukee,Bucks,MIL,0,0,,,,,,0,0,,,,,,1
0022100344,276,8,0,2,9:04 PM,5:18,SUB: Middleton FOR Mamukelashvili,,,,,4,1630572,Sandro Mamukelashvili,1610612749.0,Milwaukee,Bucks,MIL,4,203114,Khris Middleton,1610612749.0,Milwaukee,Bucks,MIL,0,0,,,,,,0
0022100344,278,8,0,2,9:04 PM,5:18,,,SUB: Vincent FOR Lowry,,,5,200768,Kyle Lowry,1610612748.0,Miami,Heat,MIA,5,1629216,Gabe Vincent,1610612748.0,Miami,Heat,MIA,0,0,,,,,,0
0022100344,281,4,0,2,9:04 PM,5:17,Cousins REBOUND (Off:3 Def:1),,,,,4,202326,DeMarcus Cousins,1610612749.0,Milwaukee,Bucks,MIL,0,0,,,,,,0,0,,,,,,1
0022100344,282,6,1,2,9:04 PM,5:17,,,Tucker P.FOUL (P3.T3) (K.Scott),,,5,200782,P.J. Tucker,1610612748.0,Miami,Heat,MIA,4,202326,DeMarcus Cousins,1610612749.0,Milwaukee,Bucks,MIL,1,0,,,,,,1
0022100344,284,8,0,2,9:05 PM,5:17,,,SUB: Yurtseven FOR Tucker,,,5,200782,P.J. Tucker,1610612748.0,Miami,Heat,MIA,5,1630209,Omer Yurtseven,1610612748.0,Miami,Heat,MIA,0,0,,,,,,0
0022100344,286,6,1,2,9:05 PM,5:10,,,Martin P.FOUL (P2.T4) (T.Maddox),,,5,1628997,Caleb Martin,1610612748.0,Miami,Heat,MIA,4,203114,Khris Middleton,1610612749.0,Milwaukee,Bucks,MIL,1,0,,,,,,1
0022100344,288,1,5,2,9:05 PM,4:59,Holiday 1' Layup (14 PTS) (Cousins 2 AST),,,41 - 57,16,4,201950,Jrue Holiday,1610612749.0,Milwaukee,Bucks,MIL,4,202326,DeMarcus Cousins,1610612749.0,Milwaukee,Bucks,MIL,0,0,,,,,,1
0022100344,290,2,79,2,9:06 PM,4:43,,,MISS Herro 12' Pullup Jump Shot,,,5,1629639,Tyler Herro,1610612748.0,Miami,Heat,MIA,0,0,,,,,,0,0,,,,,,1
0022100344,291,4,0,2,9:06 PM,4:40,Middleton REBOUND (Off:0 Def:3),,,,,4,203114,Khris Middleton,1610612749.0,Milwaukee,Bucks,MIL,0,0,,,,,,0,0,,,,,,1
0022100344,292,6,1,2,9:06 PM,4:40,,,Yurtseven P.FOUL (P3.PN) (K.Scott),,,5,1630209,Omer Yurtseven,1610612748.0,Miami,Heat,MIA,4,202326,DeMarcus Cousins,1610612749.0,Milwaukee,Bucks,MIL,1,0,,,,,,1
0022100344,294,3,11,2,9:06 PM,4:40,MISS Cousins Free Throw 1 of 2,,,,,4,202326,DeMarcus Cousins,1610612749.0,Milwaukee,Bucks,MIL,0,0,,,,,,0,0,,,,,,1
0022100344,295,4,1,2,9:06 PM,4:40,BUCKS Rebound,,,,,2,1610612749,,,,,,0,0,,,,,,0,0,,,,,,0
0022100344,296,3,12,2,9:06 PM,4:40,Cousins Free Throw 2 of 2 (7 PTS),,,41 - 58,17,4,202326,DeMarcus Cousins,1610612749.0,Milwaukee,Bucks,MIL,0,0,,,,,,0,0,,,,,,0
0022100344,297,2,1,2,9:07 PM,4:22,,,MISS Martin 27' 3PT Jump Shot,,,5,1628997,Caleb Martin,1610612748.0,Miami,Heat,MIA,0,0,,,,,,0,0,,,,,,1
0022100344,298,4,0,2,9:07 PM,4:18,Holiday REBOUND (Off:0 Def:1),,,,,4,201950,Jrue Holiday,1610612749.0,Milwaukee,Bucks,MIL,0,0,,,,,,0,0,,,,,,1
0022100344,299,2,41,2,9:07 PM,4:14,MISS Smart 4' Running Layup,,,,,4,1630606,Javonte Smart,1610612749.0,Milwaukee,Bucks,MIL,0,0,,,,,,0,0,,,,,,1
0022100344,300,4,0,2,9:07 PM,4:14,,,Yurtseven REBOUND (Off:0 Def:1),,,5,1630209,Omer Yurtseven,1610612748.0,Miami,Heat,MIA,0,0,,,,,,0,0,,,,,,1
0022100344,301,5,45,2,9:07 PM,4:07,,,Vincent Out of Bounds - Bad Pass Turnover Turnover (P1.T7),,,5,1629216,Gabe Vincent,1610612748.0,Miami,Heat,MIA,0,0,,,,,,1,0,,,,,,1
0022100344,302,2,79,2,9:07 PM,3:53,MISS Middleton 26' 3PT Pullup Jump Shot,,,,,4,203114,Khris Middleton,1610612749.0,Milwaukee,Bucks,MIL,0,0,,,,,,0,0,,,,,,1
0022100344,303,4,0,2,9:07 PM,3:49,,,Robinson REBOUND (Off:0 Def:1),,,5,1629130,Duncan Robinson,1610612748.0,Miami,Heat,MIA,0,0,,,,,,0,0,,,,,,1
0022100344,304,2,101,2,9:08 PM,3:43,,,MISS Herro 9' Driving Floating Jump Shot,,,5,1629639,Tyler Herro,1610612748.0,Miami,Heat,MIA,0,0,,,,,,0,0,,,,,,1
0022100344,305,4,0,2,9:08 PM,3:42,,,Herro REBOUND (Off:3 Def:3),,,5,1629639,Tyler Herro,1610612748.0,Miami,Heat,MIA,0,0,,,,,,0,0,,,,,,1
0022100344,306,6,2,2,9:08 PM,3:42,Cousins S.FOUL (P2.T3) (T.Maddox),,,,,4,202326,DeMarcus Cousins,1610612749.0,Milwaukee,Bucks,MIL,5,1629639,Tyler Herro,1610612748.0,Miami,Heat,MIA,1,0,,,,,,1
0022100344,308,3,11,2,9:08 PM,3:42,,,Herro Free Throw 1 of 2 (8 PTS),42 - 58,16,5,1629639,Tyler Herro,1610612748.0,Miami,Heat,MIA,0,0,,,,,,0,0,,,,,,1
0022100344,309,8,0,2,9:08 PM,3:42,SUB: Matthews FOR Smart,,,,,4,1630606,Javonte Smart,1610612749.0,Milwaukee,Bucks,MIL,4,202083,Wesley Matthews,1610612749.0,Milwaukee,Bucks,MIL,0,0,,,,,,0
0022100344,311,3,12,2,9:08 PM,3:42,,,Herro Free Throw 2 of 2 (9 PTS),43 - 58,15,5,1629639,Tyler Herro,1610612748.0,Miami,Heat,MIA,0,0,,,,,,0,0,,,,,,1
0022100344,312,6,26,2,9:09 PM,3:33,Holiday Offensive Charge Foul (P1) (T.Maddox),,,,,4,201950,Jrue Holiday,1610612749.0,Milwaukee,Bucks,MIL,5,1629216,Gabe Vincent,1610612748.0,Miami,Heat,MIA,1,0,,,,,,1
0022100344,314,5,37,2,9:09 PM,3:33,Holiday Offensive Foul Turnover (P1.T4),,,,,4,201950,Jrue Holiday,1610612749.0,Milwaukee,Bucks,MIL,0,0,,,,,,1,0,,,,,,1
0022100344,315,8,0,2,9:09 PM,3:33,SUB: Hood FOR Connaughton,,,,,4,1626192,Pat Connaughton,1610612749.0,Milwaukee,Bucks,MIL,4,203918,Rodney Hood,1610612749.0,Milwaukee,Bucks,MIL,0,0,,,,,,0
0022100344,317,6,2,2,9:09 PM,3:21,Cousins S.FOUL (P3.T4) (D.Richardson),,,,,4,202326,DeMarcus Cousins,1610612749.0,Milwaukee,Bucks,MIL,5,1629639,Tyler Herro,1610612748.0,Miami,Heat,MIA,1,0,,,,,,1
0022100344,319,3,11,2,9:10 PM,3:21,,,Herro Free Throw 1 of 2 (10 PTS),44 - 58,14,5,1629639,Tyler Herro,1610612748.0,Miami,Heat,MIA,0,0,,,,,,0,0,,,,,,1
0022100344,320,3,12,2,9:10 PM,3:21,,,Herro Free Throw 2 of 2 (11 PTS),45 - 58,13,5,1629639,Tyler Herro,1610612748.0,Miami,Heat,MIA,0,0,,,,,,0,0,,,,,,1
0022100344,321,5,1,2,9:10 PM,3:08,Holiday Bad Pass Turnover (P2.T5),,Herro STEAL (1 STL),,,4,201950,Jrue Holiday,1610612749.0,Milwaukee,Bucks,MIL,5,1629639,Tyler Herro,1610612748.0,Miami,Heat,MIA,0,0,,,,,,1
0022100344,323,2,103,2,9:10 PM,3:01,Matthews BLOCK (1 BLK),,MISS Herro 24' 3PT Running Pull-Up Jump Shot,,,5,1629639,Tyler Herro,1610612748.0,Miami,Heat,MIA,0,0,,,,,,4,202083,Wesley Matthews,1610612749.0,Milwaukee,Bucks,MIL,1
0022100344,325,4,0,2,9:10 PM,2:56,Hood REBOUND (Off:0 Def:3),,,,,4,203918,Rodney Hood,1610612749.0,Milwaukee,Bucks,MIL,0,0,,,,,,0,0,,,,,,1
0022100344,326,6,1,2,9:10 PM,2:56,,,Robinson P.FOUL (P1.PN) (T.Maddox),,,5,1629130,Duncan Robinson,1610612748.0,Miami,Heat,MIA,4,203918,Rodney Hood,1610612749.0,Milwaukee,Bucks,MIL,1,0,,,,,,1
0022100344,328,3,11,2,9:11 PM,2:56,Hood Free Throw 1 of 2 (3 PTS),,,45 - 59,14,4,203918,Rodney Hood,1610612749.0,Milwaukee,Bucks,MIL,0,0,,,,,,0,0,,,,,,1
0022100344,329,8,0,2,9:11 PM,2:56,,,SUB: Lowry FOR Vincent,,,5,1629216,Gabe Vincent,1610612748.0,Miami,Heat,MIA,5,200768,Kyle Lowry,1610612748.0,Miami,Heat,MIA,0,0,,,,,,0
0022100344,330,8,0,2,9:11 PM,2:56,,,SUB: Dedmon FOR Yurtseven,,,5,1630209,Omer Yurtseven,1610612748.0,Miami,Heat,MIA,5,203473,Dewayne Dedmon,1610612748.0,Miami,Heat,MIA,0,0,,,,,,0
0022100344,333,3,12,2,9:11 PM,2:56,Hood Free Throw 2 of 2 (4 PTS),,,45 - 60,15,4,203918,Rodney Hood,1610612749.0,Milwaukee,Bucks,MIL,0,0,,,,,,0,0,,,,,,1
0022100344,334,6,2,2,9:12 PM,2:35,Cousins S.FOUL (P4.PN) (D.Richardson),,,,,4,202326,DeMarcus Cousins,1610612749.0,Milwaukee,Bucks,MIL,5,1629639,Tyler Herro,1610612748.0,Miami,Heat,MIA,1,0,,,,,,1
0022100344,336,3,11,2,9:12 PM,2:35,,,MISS Herro Free Throw 1 of 2,,,5,1629639,Tyler Herro,1610612748.0,Miami,Heat,MIA,0,0,,,,,,0,0,,,,,,1
0022100344,337,4,1,2,9:12 PM,2:35,,,Heat Rebound,,,3,1610612748,,,,,,0,0,,,,,,0,0,,,,,,0
0022100344,340,3,12,2,9:12 PM,2:35,,,MISS Herro Free Throw 2 of 2,,,5,1629639,Tyler Herro,1610612748.0,Miami,Heat,MIA,0,0,,,,,,0,0,,,,,,1
0022100344,338,8,0,2,9:12 PM,2:35,SUB: Portis FOR Cousins,,,,,4,202326,DeMarcus Cousins,1610612749.0,Milwaukee,Bucks,MIL,4,1626171,Bobby Portis,1610612749.0,Milwaukee,Bucks,MIL,0,0,,,,,,0
0022100344,341,4,0,2,9:12 PM,2:33,BUCKS Rebound,,,,,2,1610612749,,,,,,0,0,,,,,,0,0,,,,,,0
0022100344,343,7,1,2,9:13 PM,2:33,,,Heat Violation: Delay of game Violation,,,3,1610612748,,,,,,0,0,,,,,,1,0,,,,,,0
0022100344,344,1,98,2,9:13 PM,2:22,Holiday 1' Cutting Layup Shot (16 PTS) (Middleton 5 AST),,,45 - 62,17,4,201950,Jrue Holiday,1610612749.0,Milwaukee,Bucks,MIL,4,203114,Khris Middleton,1610612749.0,Milwaukee,Bucks,MIL,0,0,,,,,,1
0022100344,346,1,1,2,9:13 PM,2:09,,,Robinson 3PT Jump Shot (3 PTS) (Lowry 7 AST),48 - 62,14,5,1629130,Duncan Robinson,1610612748.0,Miami,Heat,MIA,5,200768,Kyle Lowry,1610612748.0,Miami,Heat,MIA,0,0,,,,,,1
0022100344,348,1,79,2,9:14 PM,1:57,Middleton 13' Pullup Jump Shot (10 PTS),,,48 - 64,16,4,203114,Khris Middleton,1610612749.0,Milwaukee,Bucks,MIL,0,0,,,,,,0,0,,,,,,1
0022100344,349,6,1,2,9:14 PM,1:47,Matthews P.FOUL (P1.PN) (K.Scott),,,,,4,202083,Wesley Matthews,1610612749.0,Milwaukee,Bucks,MIL,5,1629639,Tyler Herro,1610612748.0,Miami,Heat,MIA,1,0,,,,,,1
0022100344,351,3,11,2,9:15 PM,1:47,,,Herro Free Throw 1 of 2 (12 PTS),49 - 64,15,5,1629639,Tyler Herro,1610612748.0,Miami,Heat,MIA,0,0,,,,,,0,0,,,,,,1
0022100344,352,8,0,2,9:15 PM,1:47,,,SUB: Strus FOR Martin,,,5,1628997,Caleb Martin,1610612748.0,Miami,Heat,MIA,5,1629622,Max Strus,1610612748.0,Miami,Heat,MIA,0,0,,,,,,0
0022100344,354,3,12,2,9:15 PM,1:47,,,Herro Free Throw 2 of 2 (13 PTS),50 - 64,14,5,1629639,Tyler Herro,1610612748.0,Miami,Heat,MIA,0,0,,,,,,0,0,,,,,,1
0022100344,355,1,6,2,9:15 PM,1:35,Middleton 2' Driving Layup (12 PTS),,,50 - 66,16,4,203114,Khris Middleton,1610612749.0,Milwaukee,Bucks,MIL,0,0,,,,,,0,0,,,,,,1
0022100344,356,2,1,2,9:15 PM,1:20,,,MISS Lowry 24' 3PT Jump Shot,,,5,200768,Kyle Lowry,1610612748.0,Miami,Heat,MIA,0,0,,,,,,0,0,,,,,,1
0022100344,357,4,0,2,9:15 PM,1:16,Middleton REBOUND (Off:0 Def:4),,,,,4,203114,Khris Middleton,1610612749.0,Milwaukee,Bucks,MIL,0,0,,,,,,0,0,,,,,,1
0022100344,358,2,1,2,9:16 PM,0:55,MISS Matthews 3PT Jump Shot,,,,,4,202083,Wesley Matthews,1610612749.0,Milwaukee,Bucks,MIL,0,0,,,,,,0,0,,,,,,1
0022100344,359,4,0,2,9:16 PM,0:53,,,Robinson REBOUND (Off:0 Def:2),,,5,1629130,Duncan Robinson,1610612748.0,Miami,Heat,MIA,0,0,,,,,,0,0,,,,,,1
0022100344,360,10,0,2,9:17 PM,0:49,Jump Ball Portis vs. Robinson: Tip to Matthews,,,,,4,1626171,Bobby Portis,1610612749.0,Milwaukee,Bucks,MIL,5,1629130,Duncan Robinson,1610612748.0,Miami,Heat,MIA,4,202083,Wesley Matthews,1610612749.0,Milwaukee,Bucks,MIL,1
0022100344,363,5,2,2,9:17 PM,0:49,Portis STEAL (1 STL),,Robinson Lost Ball Turnover (P1.T8),,,5,1629130,Duncan Robinson,1610612748.0,Miami,Heat,MIA,4,1626171,Bobby Portis,1610612749.0,Milwaukee,Bucks,MIL,0,0,,,,,,1
0022100344,365,5,1,2,9:17 PM,0:38,Middleton Bad Pass Turnover (P1.T6),,Herro STEAL (2 STL),,,4,203114,Khris Middleton,1610612749.0,Milwaukee,Bucks,MIL,5,1629639,Tyler Herro,1610612748.0,Miami,Heat,MIA,0,0,,,,,,1
0022100344,367,1,41,2,9:17 PM,0:34,,,Strus 1' Running Layup (10 PTS) (Dedmon 1 AST),52 - 66,14,5,1629622,Max Strus,1610612748.0,Miami,Heat,MIA,5,203473,Dewayne Dedmon,1610612748.0,Miami,Heat,MIA,0,0,,,,,,1
0022100344,368,1,79,2,9:17 PM,0:28,Middleton 30' 3PT Pullup Jump Shot (15 PTS),,,52 - 69,17,4,203114,Khris Middleton,1610612749.0,Milwaukee,Bucks,MIL,0,0,,,,,,0,0,,,,,,1
0022100344,370,2,1,2,9:17 PM,0:09,,,MISS Robinson 25' 3PT Jump Shot,,,5,1629130,Duncan Robinson,1610612748.0,Miami,Heat,MIA,0,0,,,,,,0,0,,,,,,1
0022100344,371,4,0,2,9:17 PM,0:07,,,Dedmon REBOUND (Off:2 Def:6),,,5,203473,Dewayne Dedmon,1610612748.0,Miami,Heat,MIA,0,0,,,,,,0,0,,,,,,1
0022100344,382,2,72,2,9:17 PM,0:06,Portis BLOCK (2 BLK),,MISS Dedmon 1' Putback Layup,,,5,203473,Dewayne Dedmon,1610612748.0,Miami,Heat,MIA,0,0,,,,,,4,1626171,Bobby Portis,1610612749.0,Milwaukee,Bucks,MIL,1
0022100344,384,4,0,2,9:17 PM,0:04,,,Heat Rebound,,,3,1610612748,,,,,,0,0,,,,,,0,0,,,,,,0
0022100344,373,8,0,2,9:18 PM,0:04,SUB: Smart FOR Middleton,,,,,4,203114,Khris Middleton,1610612749.0,Milwaukee,Bucks,MIL,4,1630606,Javonte Smart,1610612749.0,Milwaukee,Bucks,MIL,0,0,,,,,,0
0022100344,375,2,5,2,9:18 PM,0:04,,,MISS Robinson 2' Layup,,,5,1629130,Duncan Robinson,1610612748.0,Miami,Heat,MIA,0,0,,,,,,0,0,,,,,,1
0022100344,376,4,0,2,9:18 PM,0:02,Portis REBOUND (Off:3 Def:7),,,,,4,1626171,Bobby Portis,1610612749.0,Milwaukee,Bucks,MIL,0,0,,,,,,0,0,,,,,,1
0022100344,377,6,26,2,9:18 PM,0:00,Portis Offensive Charge Foul (P1) (K.Scott),,,,,4,1626171,Bobby Portis,1610612749.0,Milwaukee,Bucks,MIL,5,203473,Dewayne Dedmon,1610612748.0,Miami,Heat,MIA,1,0,,,,,,1
0022100344,379,5,37,2,9:18 PM,0:00,Portis Offensive Foul Turnover (P2.T7),,,,,4,1626171,Bobby Portis,1610612749.0,Milwaukee,Bucks,MIL,0,0,,,,,,1,0,,,,,,1
0022100344,380,18,0,2,9:19 PM,0:00,,Instant Replay2nd Period (9:19 PM EST),,52 - 69,17,0,377,,,,,,0,0,,,,,,1,0,,,,,,0
0022100344,381,13,0,2,9:20 PM,0:00,,End of 2nd Period (9:20 PM EST),,52 - 69,17,0,0,,,,,,0,0,,,,,,0,0,,,,,,1
0022100344,393,12,0,3,9:33 PM,12:00,,Start of 3rd Period (9:33 PM EST),,52 - 69,17,0,0,,,,,,0,0,,,,,,0,0,,,,,,0
0022100344,394,1,79,3,9:34 PM,11:38,,,Robinson 14' Pullup Jump Shot (5 PTS),54 - 69,15,5,1629130,Duncan Robinson,1610612748.0,Miami,Heat,MIA,0,0,,,,,,0,0,,,,,,1
0022100344,395,5,1,3,9:34 PM,11:26,Mamukelashvili Bad Pass Turnover (P1.T8),,Robinson STEAL (1 STL),,,4,1630572,Sandro Mamukelashvili,1610612749.0,Milwaukee,Bucks,MIL,5,1629130,Duncan Robinson,1610612748.0,Miami,Heat,MIA,0,0,,,,,,1
0022100344,397,2,41,3,9:34 PM,11:21,,,MISS Robinson 2' Running Layup,,,5,1629130,Duncan Robinson,1610612748.0,Miami,Heat,MIA,0,0,,,,,,0,0,,,,,,1
0022100344,398,4,0,3,9:34 PM,11:18,Portis REBOUND (Off:3 Def:8),,,,,4,1626171,Bobby Portis,1610612749.0,Milwaukee,Bucks,MIL,0,0,,,,,,0,0,,,,,,1
0022100344,399,2,1,3,9:34 PM,11:11,MISS Portis 25' 3PT Jump Shot,,,,,4,1626171,Bobby Portis,1610612749.0,Milwaukee,Bucks,MIL,0,0,,,,,,0,0,,,,,,1
0022100344,400,4,0,3,9:34 PM,11:08,,,Robinson REBOUND (Off:0 Def:3),,,5,1629130,Duncan Robinson,1610612748.0,Miami,Heat,MIA,0,0,,,,,,0,0,,,,,,1
0022100344,401,1,101,3,9:34 PM,10:59,,,Lowry 1' Driving Floating Jump Shot (6 PTS) (Robinson 2 AST),56 - 69,13,5,200768,Kyle Lowry,1610612748.0,Miami,Heat,MIA,5,1629130,Duncan Robinson,1610612748.0,Miami,Heat,MIA,0,0,,,,,,1
0022100344,403,6,2,3,9:34 PM,10:59,Portis S.FOUL (P2.T1) (T.Maddox),,,,,4,1626171,Bobby Portis,1610612749.0,Milwaukee,Bucks,MIL,5,200768,Kyle Lowry,1610612748.0,Miami,Heat,MIA,1,0,,,,,,1
0022100344,405,3,10,3,9:35 PM,10:59,,,MISS Lowry Free Throw 1 of 1,,,5,200768,Kyle Lowry,1610612748.0,Miami,Heat,MIA,0,0,,,,,,0,0,,,,,,1
0022100344,406,4,0,3,9:35 PM,10:56,Portis REBOUND (Off:3 Def:9),,,,,4,1626171,Bobby Portis,1610612749.0,Milwaukee,Bucks,MIL,0,0,,,,,,0,0,,,,,,1
0022100344,407,2,6,3,9:35 PM,10:45,MISS Middleton 4' Driving Layup,,Lowry BLOCK (1 BLK),,,4,203114,Khris Middleton,1610612749.0,Milwaukee,Bucks,MIL,0,0,,,,,,5,200768,Kyle Lowry,1610612748.0,Miami,Heat,MIA,1
0022100344,409,4,0,3,9:35 PM,10:45,BUCKS Rebound,,,,,2,1610612749,,,,,,0,0,,,,,,0,0,,,,,,0
0022100344,411,2,63,3,9:35 PM,10:40,MISS Middleton 15' Fadeaway Jumper,,,,,4,203114,Khris Middleton,1610612749.0,Milwaukee,Bucks,MIL,0,0,,,,,,0,0,,,,,,1
0022100344,412,4,0,3,9:35 PM,10:36,,,Herro REBOUND (Off:3 Def:4),,,5,1629639,Tyler Herro,1610612748.0,Miami,Heat,MIA,0,0,,,,,,0,0,,,,,,1
0022100344,413,2,102,3,9:35 PM,10:28,,,MISS Herro 9' Driving Floating Bank Jump Shot,,,5,1629639,Tyler Herro,1610612748.0,Miami,Heat,MIA,0,0,,,,,,0,0,,,,,,1
0022100344,414,4,0,3,9:36 PM,10:25,,,Dedmon REBOUND (Off:3 Def:6),,,5,203473,Dewayne Dedmon,1610612748.0,Miami,Heat,MIA,0,0,,,,,,0,0,,,,,,1
0022100344,415,5,11,3,9:36 PM,10:16,,,Heat Turnover: Shot Clock (T#9),,,3,1610612748,,,,,,0,0,,,,,,1,0,,,,,,0
0022100344,416,2,1,3,9:36 PM,9:59,MISS Connaughton 26' 3PT Jump Shot,,,,,4,1626192,Pat Connaughton,1610612749.0,Milwaukee,Bucks,MIL,0,0,,,,,,0,0,,,,,,1
0022100344,417,4,0,3,9:36 PM,9:57,,,Dedmon REBOUND (Off:3 Def:7),,,5,203473,Dewayne Dedmon,1610612748.0,Miami,Heat,MIA,0,0,,,,,,0,0,,,,,,1
0022100344,418,2,103,3,9:36 PM,9:54,,,MISS Lowry 28' 3PT Running Pull-Up Jump Shot,,,5,200768,Kyle Lowry,1610612748.0,Miami,Heat,MIA,0,0,,,,,,0,0,,,,,,1
0022100344,419,4,0,3,9:36 PM,9:51,Middleton REBOUND (Off:0 Def:5),,,,,4,203114,Khris Middleton,1610612749.0,Milwaukee,Bucks,MIL,0,0,,,,,,0,0,,,,,,1
0022100344,420,2,6,3,9:36 PM,9:44,MISS Middleton 4' Driving Layup,,,,,4,203114,Khris Middleton,1610612749.0,Milwaukee,Bucks,MIL,0,0,,,,,,0,0,,,,,,1
0022100344,421,4,0,3,9:36 PM,9:43,Mamukelashvili REBOUND (Off:1 Def:0),,,,,4,1630572,Sandro Mamukelashvili,1610612749.0,Milwaukee,Bucks,MIL,0,0,,,,,,0,0,,,,,,1
0022100344,422,1,1,3,9:37 PM,9:42,Connaughton 29' 3PT Jump Shot (14 PTS) (Mamukelashvili 1 AST),,,56 - 72,16,4,1626192,Pat Connaughton,1610612749.0,Milwaukee,Bucks,MIL,4,1630572,Sandro Mamukelashvili,1610612749.0,Milwaukee,Bucks,MIL,0,0,,,,,,1
0022100344,424,2,1,3,9:37 PM,9:19,Holiday BLOCK (1 BLK),,MISS Herro 26' 3PT Jump Shot,,,5,1629639,Tyler Herro,1610612748.0,Miami,Heat,MIA,0,0,,,,,,4,201950,Jrue Holiday,1610612749.0,Milwaukee,Bucks,MIL,1
0022100344,426,4,0,3,9:37 PM,9:16,,,Herro REBOUND (Off:4 Def:4),,,5,1629639,Tyler Herro,1610612748.0,Miami,Heat,MIA,0,0,,,,,,0,0,,,,,,1
0022100344,427,2,1,3,9:37 PM,9:14,,,MISS Lowry 3PT Jump Shot,,,5,200768,Kyle Lowry,1610612748.0,Miami,Heat,MIA,0,0,,,,,,0,0,,,,,,1
0022100344,428,4,0,3,9:37 PM,9:11,Portis REBOUND (Off:3 Def:10),,,,,4,1626171,Bobby Portis,1610612749.0,Milwaukee,Bucks,MIL,0,0,,,,,,0,0,,,,,,1
0022100344,429,2,80,3,9:37 PM,9:02,MISS Holiday 28' 3PT Step Back Jump Shot,,,,,4,201950,Jrue Holiday,1610612749.0,Milwaukee,Bucks,MIL,0,0,,,,,,0,0,,,,,,1
0022100344,430,4,0,3,9:37 PM,8:59,Connaughton REBOUND (Off:2 Def:2),,,,,4,1626192,Pat Connaughton,1610612749.0,Milwaukee,Bucks,MIL,0,0,,,,,,0,0,,,,,,1
0022100344,431,2,1,3,9:37 PM,8:52,MISS Connaughton 3PT Jump Shot,,,,,4,1626192,Pat Connaughton,1610612749.0,Milwaukee,Bucks,MIL,0,0,,,,,,0,0,,,,,,1
0022100344,432,4,0,3,9:37 PM,8:52,Portis REBOUND (Off:4 Def:10),,,,,4,1626171,Bobby Portis,1610612749.0,Milwaukee,Bucks,MIL,0,0,,,,,,0,0,,,,,,1
0022100344,433,1,97,3,9:37 PM,8:52,Portis Tip Layup Shot (9 PTS),,,56 - 74,18,4,1626171,Bobby Portis,1610612749.0,Milwaukee,Bucks,MIL,0,0,,,,,,0,0,,,,,,1
0022100344,434,9,1,3,9:38 PM,8:52,,,Heat Timeout: Regular (Reg.4 Short 0),,,3,1610612748,,,,,,0,0,,,,,,0,0,,,,,,0
0022100344,435,1,79,3,9:41 PM,8:41,,,Robinson 29' 3PT Pullup Jump Shot (8 PTS) (Dedmon 2 AST),59 - 74,15,5,1629130,Duncan Robinson,1610612748.0,Miami,Heat,MIA,5,203473,Dewayne Dedmon,1610612748.0,Miami,Heat,MIA,0,0,,,,,,1
0022100344,437,2,108,3,9:41 PM,8:27,MISS Mamukelashvili 2' Cutting Dunk Shot,,Dedmon BLOCK (1 BLK),,,4,1630572,Sandro Mamukelashvili,1610612749.0,Milwaukee,Bucks,MIL,0,0,,,,,,5,203473,Dewayne Dedmon,1610612748.0,Miami,Heat,MIA,1
0022100344,439,4,0,3,9:41 PM,8:23,,,Dedmon REBOUND (Off:3 Def:8),,,5,203473,Dewayne Dedmon,1610612748.0,Miami,Heat,MIA,0,0,,,,,,0,0,,,,,,1
0022100344,440,5,4,3,9:41 PM,8:09,,,Herro Traveling Turnover (P2.T10),,,5,1629639,Tyler Herro,1610612748.0,Miami,Heat,MIA,0,0,,,,,,1,0,,,,,,1
0022100344,441,2,1,3,9:42 PM,7:47,MISS Connaughton 27' 3PT Jump Shot,,,,,4,1626192,Pat Connaughton,1610612749.0,Milwaukee,Bucks,MIL,0,0,,,,,,0,0,,,,,,1
0022100344,442,4,0,3,9:42 PM,7:41,Middleton REBOUND (Off:1 Def:5),,,,,4,203114,Khris Middleton,1610612749.0,Milwaukee,Bucks,MIL,0,0,,,,,,0,0,,,,,,1
0022100344,443,1,72,3,9:42 PM,7:41,Middleton Putback Layup (17 PTS),,,59 - 76,17,4,203114,Khris Middleton,1610612749.0,Milwaukee,Bucks,MIL,0,0,,,,,,0,0,,,,,,1
0022100344,444,2,1,3,9:42 PM,7:30,,,MISS Herro 25' 3PT Jump Shot,,,5,1629639,Tyler Herro,1610612748.0,Miami,Heat,MIA,0,0,,,,,,0,0,,,,,,1
0022100344,445,4,0,3,9:42 PM,7:26,Holiday REBOUND (Off:0 Def:2),,,,,4,201950,Jrue Holiday,1610612749.0,Milwaukee,Bucks,MIL,0,0,,,,,,0,0,,,,,,1
0022100344,446,1,1,3,9:42 PM,7:21,Middleton 26' 3PT Jump Shot (20 PTS) (Holiday 4 AST),,,59 - 79,20,4,203114,Khris Middleton,1610612749.0,Milwaukee,Bucks,MIL,4,201950,Jrue Holiday,1610612749.0,Milwaukee,Bucks,MIL,0,0,,,,,,1
0022100344,448,1,1,3,9:43 PM,7:04,,,Robinson 28' 3PT Jump Shot (11 PTS) (Herro 4 AST),62 - 79,17,5,1629130,Duncan Robinson,1610612748.0,Miami,Heat,MIA,5,1629639,Tyler Herro,1610612748.0,Miami,Heat,MIA,0,0,,,,,,1
0022100344,450,1,1,3,9:43 PM,6:40,Portis 26' 3PT Jump Shot (12 PTS) (Middleton 6 AST),,,62 - 82,20,4,1626171,Bobby Portis,1610612749.0,Milwaukee,Bucks,MIL,4,203114,Khris Middleton,1610612749.0,Milwaukee,Bucks,MIL,0,0,,,,,,1
0022100344,452,5,1,3,9:43 PM,6:20,Portis STEAL (2 STL),,Herro Bad Pass Turnover (P3.T11),,,5,1629639,Tyler Herro,1610612748.0,Miami,Heat,MIA,4,1626171,Bobby Portis,1610612749.0,Milwaukee,Bucks,MIL,0,0,,,,,,1
0022100344,454,1,41,3,9:43 PM,6:19,Portis 2' Running Layup (14 PTS),,,62 - 84,22,4,1626171,Bobby Portis,1610612749.0,Milwaukee,Bucks,MIL,0,0,,,,,,0,0,,,,,,1
0022100344,455,6,14,3,9:44 PM,6:19,,,Herro FLAGRANT.FOUL.TYPE1 (P2.T1) (K.Scott),,,5,1629639,Tyler Herro,1610612748.0,Miami,Heat,MIA,4,1626171,Bobby Portis,1610612749.0,Milwaukee,Bucks,MIL,1,0,,,,,,1
0022100344,457,18,1,3,9:44 PM,6:19,,Instant Replay3rd Period (9:44 PM EST),,62 - 84,22,0,455,,,,,,0,0,,,,,,1,0,,,,,,0
0022100344,460,3,20,3,9:46 PM,6:19,Portis Free Throw Flagrant 1 of 1 (15 PTS),,,62 - 85,23,4,1626171,Bobby Portis,1610612749.0,Milwaukee,Bucks,MIL,0,0,,,,,,0,0,,,,,,1
0022100344,461,8,0,3,9:46 PM,6:19,SUB: Hood FOR Middleton,,,,,4,203114,Khris Middleton,1610612749.0,Milwaukee,Bucks,MIL,4,203918,Rodney Hood,1610612749.0,Milwaukee,Bucks,MIL,0,0,,,,,,0
0022100344,462,8,0,3,9:46 PM,6:19,SUB: Smart FOR Mamukelashvili,,,,,4,1630572,Sandro Mamukelashvili,1610612749.0,Milwaukee,Bucks,MIL,4,1630606,Javonte Smart,1610612749.0,Milwaukee,Bucks,MIL,0,0,,,,,,0
0022100344,463,8,0,3,9:46 PM,6:19,,,SUB: Vincent FOR Herro,,,5,1629639,Tyler Herro,1610612748.0,Miami,Heat,MIA,5,1629216,Gabe Vincent,1610612748.0,Miami,Heat,MIA,0,0,,,,,,0
0022100344,467,2,1,3,9:47 PM,6:08,MISS Holiday 15' Jump Shot,,,,,4,201950,Jrue Holiday,1610612749.0,Milwaukee,Bucks,MIL,0,0,,,,,,0,0,,,,,,1
0022100344,468,4,0,3,9:47 PM,6:05,,,Dedmon REBOUND (Off:3 Def:9),,,5,203473,Dewayne Dedmon,1610612748.0,Miami,Heat,MIA,0,0,,,,,,0,0,,,,,,1
0022100344,469,1,6,3,9:47 PM,6:00,,,Lowry 4' Driving Layup (8 PTS),64 - 85,21,5,200768,Kyle Lowry,1610612748.0,Miami,Heat,MIA,0,0,,,,,,0,0,,,,,,1
0022100344,470,1,1,3,9:47 PM,5:45,Connaughton 31' 3PT Jump Shot (17 PTS) (Hood 2 AST),,,64 - 88,24,4,1626192,Pat Connaughton,1610612749.0,Milwaukee,Bucks,MIL,4,203918,Rodney Hood,1610612749.0,Milwaukee,Bucks,MIL,0,0,,,,,,1
0022100344,472,1,1,3,9:48 PM,5:24,,,Vincent 27' 3PT Jump Shot (5 PTS) (Robinson 3 AST),67 - 88,21,5,1629216,Gabe Vincent,1610612748.0,Miami,Heat,MIA,5,1629130,Duncan Robinson,1610612748.0,Miami,Heat,MIA,0,0,,,,,,1
0022100344,474,1,1,3,9:48 PM,5:00,Connaughton 29' 3PT Jump Shot (20 PTS) (Holiday 5 AST),,,67 - 91,24,4,1626192,Pat Connaughton,1610612749.0,Milwaukee,Bucks,MIL,4,201950,Jrue Holiday,1610612749.0,Milwaukee,Bucks,MIL,0,0,,,,,,1
0022100344,476,2,1,3,9:48 PM,4:41,,,MISS Tucker 3PT Jump Shot,,,5,200782,P.J. Tucker,1610612748.0,Miami,Heat,MIA,0,0,,,,,,0,0,,,,,,1
0022100344,477,4,0,3,9:48 PM,4:38,Portis REBOUND (Off:4 Def:11),,,,,4,1626171,Bobby Portis,1610612749.0,Milwaukee,Bucks,MIL,0,0,,,,,,0,0,,,,,,1
0022100344,478,2,1,3,9:48 PM,4:31,MISS Portis 28' 3PT Jump Shot,,,,,4,1626171,Bobby Portis,1610612749.0,Milwaukee,Bucks,MIL,0,0,,,,,,0,0,,,,,,1
0022100344,479,4,0,3,9:49 PM,4:27,,,Lowry REBOUND (Off:0 Def:2),,,5,200768,Kyle Lowry,1610612748.0,Miami,Heat,MIA,0,0,,,,,,0,0,,,,,,1
0022100344,480,6,4,3,9:49 PM,4:18,,,Dedmon OFF.Foul (P1) (K.Scott),,,5,203473,Dewayne Dedmon,1610612748.0,Miami,Heat,MIA,4,1626192,Pat Connaughton,1610612749.0,Milwaukee,Bucks,MIL,1,0,,,,,,1
0022100344,482,5,37,3,9:49 PM,4:18,,,Dedmon Offensive Foul Turnover (P2.T12),,,5,203473,Dewayne Dedmon,1610612748.0,Miami,Heat,MIA,0,0,,,,,,1,0,,,,,,1
0022100344,483,8,0,3,9:49 PM,4:18,SUB: Cousins FOR Portis,,,,,4,1626171,Bobby Portis,1610612749.0,Milwaukee,Bucks,MIL,4,202326,DeMarcus Cousins,1610612749.0,Milwaukee,Bucks,MIL,0,0,,,,,,0
0022100344,484,8,0,3,9:49 PM,4:18,,,SUB: Martin FOR Tucker,,,5,200782,P.J. Tucker,1610612748.0,Miami,Heat,MIA,5,1628997,Caleb Martin,1610612748.0,Miami,Heat,MIA,0,0,,,,,,0
0022100344,485,8,0,3,9:49 PM,4:18,,,SUB: Strus FOR Robinson,,,5,1629130,Duncan Robinson,1610612748.0,Miami,Heat,MIA,5,1629622,Max Strus,1610612748.0,Miami,Heat,MIA,0,0,,,,,,0
0022100344,489,2,86,3,9:49 PM,4:04,MISS Holiday 10' Turnaround Fadeaway Shot,,,,,4,201950,Jrue Holiday,1610612749.0,Milwaukee,Bucks,MIL,0,0,,,,,,0,0,,,,,,1
0022100344,490,4,0,3,9:49 PM,4:00,,,Dedmon REBOUND (Off:3 Def:10),,,5,203473,Dewayne Dedmon,1610612748.0,Miami,Heat,MIA,0,0,,,,,,0,0,,,,,,1
0022100344,491,5,1,3,9:50 PM,3:50,Hood STEAL (1 STL),,Strus Bad Pass Turnover (P1.T13),,,5,1629622,Max Strus,1610612748.0,Miami,Heat,MIA,4,203918,Rodney Hood,1610612749.0,Milwaukee,Bucks,MIL,0,0,,,,,,1
0022100344,493,2,41,3,9:50 PM,3:48,MISS Holiday 2' Running Layup,,,,,4,201950,Jrue Holiday,1610612749.0,Milwaukee,Bucks,MIL,0,0,,,,,,0,0,,,,,,1
0022100344,494,4,0,3,9:50 PM,3:47,Holiday REBOUND (Off:1 Def:2),,,,,4,201950,Jrue Holiday,1610612749.0,Milwaukee,Bucks,MIL,0,0,,,,,,0,0,,,,,,1
0022100344,495,2,97,3,9:50 PM,3:47,MISS Holiday Tip Layup Shot,,,,,4,201950,Jrue Holiday,1610612749.0,Milwaukee,Bucks,MIL,0,0,,,,,,0,0,,,,,,1
0022100344,496,4,0,3,9:50 PM,3:46,Smart REBOUND (Off:2 Def:2),,,,,4,1630606,Javonte Smart,1610612749.0,Milwaukee,Bucks,MIL,0,0,,,,,,0,0,,,,,,1
0022100344,497,6,2,3,9:50 PM,3:45,,,Dedmon S.FOUL (P2.T2) (T.Maddox),,,5,203473,Dewayne Dedmon,1610612748.0,Miami,Heat,MIA,4,1630606,Javonte Smart,1610612749.0,Milwaukee,Bucks,MIL,1,0,,,,,,1
0022100344,499,3,11,3,9:50 PM,3:45,Smart Free Throw 1 of 2 (4 PTS),,,67 - 92,25,4,1630606,Javonte Smart,1610612749.0,Milwaukee,Bucks,MIL,0,0,,,,,,0,0,,,,,,1
0022100344,500,8,0,3,9:50 PM,3:45,SUB: Antetokounmpo FOR Connaughton,,,,,4,1626192,Pat Connaughton,1610612749.0,Milwaukee,Bucks,MIL,4,203648,Thanasis Antetokounmpo,1610612749.0,Milwaukee,Bucks,MIL,0,0,,,,,,0
0022100344,501,8,0,3,9:50 PM,3:45,,,SUB: Yurtseven FOR Dedmon,,,5,203473,Dewayne Dedmon,1610612748.0,Miami,Heat,MIA,5,1630209,Omer Yurtseven,1610612748.0,Miami,Heat,MIA,0,0,,,,,,0
0022100344,504,3,12,3,9:51 PM,3:45,Smart Free Throw 2 of 2 (5 PTS),,,67 - 93,26,4,1630606,Javonte Smart,1610612749.0,Milwaukee,Bucks,MIL,0,0,,,,,,0,0,,,,,,0
0022100344,505,2,80,3,9:51 PM,3:37,,,MISS Vincent 27' 3PT Step Back Jump Shot,,,5,1629216,Gabe Vincent,1610612748.0,Miami,Heat,MIA,0,0,,,,,,0,0,,,,,,1
0022100344,506,4,0,3,9:51 PM,3:34,Holiday REBOUND (Off:1 Def:3),,,,,4,201950,Jrue Holiday,1610612749.0,Milwaukee,Bucks,MIL,0,0,,,,,,0,0,,,,,,1
0022100344,507,1,71,3,9:51 PM,3:27,Cousins 2' Finger Roll Layup (9 PTS),,,67 - 95,28,4,202326,DeMarcus Cousins,1610612749.0,Milwaukee,Bucks,MIL,0,0,,,,,,0,0,,,,,,1
0022100344,509,6,1,3,9:51 PM,3:08,Hood P.FOUL (P1.T2) (K.Scott),,,,,4,203918,Rodney Hood,1610612749.0,Milwaukee,Bucks,MIL,5,200768,Kyle Lowry,1610612748.0,Miami,Heat,MIA,1,0,,,,,,1
0022100344,511,1,9,3,9:52 PM,3:01,,,Martin 1' Driving Dunk (9 PTS) (Vincent 2 AST),69 - 95,26,5,1628997,Caleb Martin,1610612748.0,Miami,Heat,MIA,5,1629216,Gabe Vincent,1610612748.0,Miami,Heat,MIA,0,0,,,,,,1
0022100344,513,1,9,3,9:52 PM,2:54,Antetokounmpo 2' Driving Dunk (6 PTS) (Holiday 6 AST),,,69 - 97,28,4,203648,Thanasis Antetokounmpo,1610612749.0,Milwaukee,Bucks,MIL,4,201950,Jrue Holiday,1610612749.0,Milwaukee,Bucks,MIL,0,0,,,,,,1
0022100344,515,1,79,3,9:52 PM,2:44,,,Lowry 17' Pullup Jump Shot (10 PTS) (Martin 2 AST),71 - 97,26,5,200768,Kyle Lowry,1610612748.0,Miami,Heat,MIA,5,1628997,Caleb Martin,1610612748.0,Miami,Heat,MIA,0,0,,,,,,1
0022100344,517,9,1,3,9:52 PM,2:44,BUCKS Timeout: Regular (Full 2 Short 0),,,,,2,1610612749,,,,,,0,0,,,,,,0,0,,,,,,0
0022100344,518,8,0,3,9:55 PM,2:44,SUB: Middleton FOR Holiday,,,,,4,201950,Jrue Holiday,1610612749.0,Milwaukee,Bucks,MIL,4,203114,Khris Middleton,1610612749.0,Milwaukee,Bucks,MIL,0,0,,,,,,0
0022100344,519,8,0,3,9:55 PM,2:44,,,SUB: Herro FOR Lowry,,,5,200768,Kyle Lowry,1610612748.0,Miami,Heat,MIA,5,1629639,Tyler Herro,1610612748.0,Miami,Heat,MIA,0,0,,,,,,0
0022100344,522,6,2,3,9:55 PM,2:32,,,Strus S.FOUL (P1.T3) (T.Maddox),,,5,1629622,Max Strus,1610612748.0,Miami,Heat,MIA,4,202326,DeMarcus Cousins,1610612749.0,Milwaukee,Bucks,MIL,1,0,,,,,,1
0022100344,524,3,11,3,9:56 PM,2:32,Cousins Free Throw 1 of 2 (10 PTS),,,71 - 98,27,4,202326,DeMarcus Cousins,1610612749.0,Milwaukee,Bucks,MIL,0,0,,,,,,0,0,,,,,,1
0022100344,525,3,12,3,9:56 PM,2:32,Cousins Free Throw 2 of 2 (11 PTS),,,71 - 99,28,4,202326,DeMarcus Cousins,1610612749.0,Milwaukee,Bucks,MIL,0,0,,,,,,0,0,,,,,,1
0022100344,526,6,1,3,9:56 PM,2:21,Antetokounmpo P.FOUL (P2.T3) (K.Scott),,,,,4,203648,Thanasis Antetokounmpo,1610612749.0,Milwaukee,Bucks,MIL,5,1628997,Caleb Martin,1610612748.0,Miami,Heat,MIA,1,0,,,,,,1
0022100344,528,2,78,3,9:57 PM,2:09,,,MISS Yurtseven 9' Floating Jump Shot,,,5,1630209,Omer Yurtseven,1610612748.0,Miami,Heat,MIA,0,0,,,,,,0,0,,,,,,1
0022100344,529,4,0,3,9:57 PM,2:06,Smart REBOUND (Off:2 Def:3),,,,,4,1630606,Javonte Smart,1610612749.0,Milwaukee,Bucks,MIL,0,0,,,,,,0,0,,,,,,1
0022100344,530,2,47,3,9:57 PM,1:56,MISS Cousins 2' Turnaround Jump Shot,,Yurtseven BLOCK (1 BLK),,,4,202326,DeMarcus Cousins,1610612749.0,Milwaukee,Bucks,MIL,0,0,,,,,,5,1630209,Omer Yurtseven,1610612748.0,Miami,Heat,MIA,1
0022100344,532,4,0,3,9:57 PM,1:52,,,Herro REBOUND (Off:4 Def:5),,,5,1629639,Tyler Herro,1610612748.0,Miami,Heat,MIA,0,0,,,,,,0,0,,,,,,1
0022100344,533,6,2,3,9:57 PM,1:51,Hood S.FOUL (P2.T4) (T.Maddox),,,,,4,203918,Rodney Hood,1610612749.0,Milwaukee,Bucks,MIL,5,1630209,Omer Yurtseven,1610612748.0,Miami,Heat,MIA,1,0,,,,,,1
0022100344,535,3,11,3,9:58 PM,1:51,,,MISS Yurtseven Free Throw 1 of 2,,,5,1630209,Omer Yurtseven,1610612748.0,Miami,Heat,MIA,0,0,,,,,,0,0,,,,,,1
0022100344,536,4,1,3,9:58 PM,1:51,,,Heat Rebound,,,3,1610612748,,,,,,0,0,,,,,,0,0,,,,,,0
0022100344,537,8,0,3,9:58 PM,1:51,SUB: Matthews FOR Hood,,,,,4,203918,Rodney Hood,1610612749.0,Milwaukee,Bucks,MIL,4,202083,Wesley Matthews,1610612749.0,Milwaukee,Bucks,MIL,0,0,,,,,,0
0022100344,539,3,12,3,9:58 PM,1:51,,,Yurtseven Free Throw 2 of 2 (4 PTS),72 - 99,27,5,1630209,Omer Yurtseven,1610612748.0,Miami,Heat,MIA,0,0,,,,,,0,0,,,,,,1
0022100344,541,5,1,3,9:58 PM,1:49,Cousins Bad Pass Turnover (P1.T9),,Strus STEAL (1 STL),,,4,202326,DeMarcus Cousins,1610612749.0,Milwaukee,Bucks,MIL,5,1629622,Max Strus,1610612748.0,Miami,Heat,MIA,0,0,,,,,,1
0022100344,543,2,79,3,9:58 PM,1:44,,,MISS Herro 12' Pullup Jump Shot,,,5,1629639,Tyler Herro,1610612748.0,Miami,Heat,MIA,0,0,,,,,,0,0,,,,,,1
0022100344,544,4,0,3,9:58 PM,1:42,Cousins REBOUND (Off:3 Def:2),,,,,4,202326,DeMarcus Cousins,1610612749.0,Milwaukee,Bucks,MIL,0,0,,,,,,0,0,,,,,,1
0022100344,545,2,1,3,9:58 PM,1:26,MISS Middleton 27' 3PT Jump Shot,,,,,4,203114,Khris Middleton,1610612749.0,Milwaukee,Bucks,MIL,0,0,,,,,,0,0,,,,,,1
0022100344,546,4,0,3,9:58 PM,1:23,Antetokounmpo REBOUND (Off:2 Def:0),,,,,4,203648,Thanasis Antetokounmpo,1610612749.0,Milwaukee,Bucks,MIL,0,0,,,,,,0,0,,,,,,1
0022100344,547,1,1,3,9:59 PM,1:16,Smart 26' 3PT Jump Shot (8 PTS) (Middleton 7 AST),,,72 - 102,30,4,1630606,Javonte Smart,1610612749.0,Milwaukee,Bucks,MIL,4,203114,Khris Middleton,1610612749.0,Milwaukee,Bucks,MIL,0,0,,,,,,1
0022100344,549,1,1,3,9:59 PM,1:04,,,Strus 28' 3PT Jump Shot (13 PTS) (Herro 5 AST),75 - 102,27,5,1629622,Max Strus,1610612748.0,Miami,Heat,MIA,5,1629639,Tyler Herro,1610612748.0,Miami,Heat,MIA,0,0,,,,,,1
0022100344,551,1,1,3,9:59 PM,0:55,Matthews 3PT Jump Shot (3 PTS) (Middleton 8 AST),,,75 - 105,30,4,202083,Wesley Matthews,1610612749.0,Milwaukee,Bucks,MIL,4,203114,Khris Middleton,1610612749.0,Milwaukee,Bucks,MIL,0,0,,,,,,1
0022100344,554,7,1,3,9:59 PM,0:55,BUCKS Violation: Delay of game Violation,,,,,2,1610612749,,,,,,0,0,,,,,,1,0,,,,,,0
0022100344,555,6,1,3,10:00 PM,0:45,Smart P.FOUL (P2.PN) (T.Maddox),,,,,4,1630606,Javonte Smart,1610612749.0,Milwaukee,Bucks,MIL,5,1629216,Gabe Vincent,1610612748.0,Miami,Heat,MIA,1,0,,,,,,1
0022100344,557,18,0,3,10:00 PM,0:45,,Instant Replay3rd Period (10:00 PM EST),,75 - 105,30,0,555,,,,,,0,0,,,,,,1,0,,,,,,0
0022100344,563,6,16,3,10:02 PM,0:45,,"Double Technical - Antetokounmpo, Vincent (K.Scott)",,,,4,203648,Thanasis Antetokounmpo,1610612749.0,Milwaukee,Bucks,MIL,5,1629216,Gabe Vincent,1610612748.0,Miami,Heat,MIA,1,0,,,,,,1
0022100344,558,3,11,3,10:04 PM,0:45,,,Vincent Free Throw 1 of 2 (6 PTS),76 - 105,29,5,1629216,Gabe Vincent,1610612748.0,Miami,Heat,MIA,0,0,,,,,,0,0,,,,,,1
0022100344,559,3,12,3,10:05 PM,0:45,,,MISS Vincent Free Throw 2 of 2,,,5,1629216,Gabe Vincent,1610612748.0,Miami,Heat,MIA,0,0,,,,,,0,0,,,,,,1
0022100344,560,4,0,3,10:05 PM,0:39,Matthews REBOUND (Off:0 Def:1),,,,,4,202083,Wesley Matthews,1610612749.0,Milwaukee,Bucks,MIL,0,0,,,,,,0,0,,,,,,1
0022100344,561,6,1,3,10:05 PM,0:23,,,Vincent P.FOUL (P2.T4) (T.Maddox),,,5,1629216,Gabe Vincent,1610612748.0,Miami,Heat,MIA,4,203114,Khris Middleton,1610612749.0,Milwaukee,Bucks,MIL,1,0,,,,,,1
0022100344,565,7,5,3,10:06 PM,0:10,,,Herro Violation:Kicked Ball (K.Scott),,,5,1629639,Tyler Herro,1610612748.0,Miami,Heat,MIA,0,0,,,,,,1,0,,,,,,0
0022100344,566,2,47,3,10:06 PM,0:00,MISS Middleton 28' 3PT Turnaround Jump Shot,,,,,4,203114,Khris Middleton,1610612749.0,Milwaukee,Bucks,MIL,0,0,,,,,,0,0,,,,,,1
0022100344,567,4,0,3,10:06 PM,0:00,BUCKS Rebound,,,,,2,1610612749,,,,,,0,0,,,,,,0,0,,,,,,0
0022100344,568,13,0,3,10:08 PM,0:00,,End of 3rd Period (10:08 PM EST),,76 - 105,29,0,0,,,,,,0,0,,,,,,0,0,,,,,,1
0022100344,571,12,0,4,10:09 PM,12:00,,Start of 4th Period (10:09 PM EST),,76 - 105,29,0,0,,,,,,0,0,,,,,,0,0,,,,,,0
0022100344,572,5,40,4,10:09 PM,11:46,Matthews Out of Bounds Lost Ball Turnover (P1.T10),,,,,4,202083,Wesley Matthews,1610612749.0,Milwaukee,Bucks,MIL,0,0,,,,,,1,0,,,,,,1
0022100344,573,5,4,4,10:09 PM,11:35,,,Martin Traveling Turnover (P2.T14),,,5,1628997,Caleb Martin,1610612748.0,Miami,Heat,MIA,0,0,,,,,,1,0,,,,,,1
0022100344,574,2,79,4,10:10 PM,11:21,MISS Smart 13' Pullup Jump Shot,,,,,4,1630606,Javonte Smart,1610612749.0,Milwaukee,Bucks,MIL,0,0,,,,,,0,0,,,,,,1
0022100344,575,4,0,4,10:10 PM,11:18,,,Vincent REBOUND (Off:0 Def:1),,,5,1629216,Gabe Vincent,1610612748.0,Miami,Heat,MIA,0,0,,,,,,0,0,,,,,,1
0022100344,576,1,2,4,10:10 PM,11:14,,,Strus 27' 3PT Running Jump Shot (16 PTS) (Vincent 3 AST),79 - 105,26,5,1629622,Max Strus,1610612748.0,Miami,Heat,MIA,5,1629216,Gabe Vincent,1610612748.0,Miami,Heat,MIA,0,0,,,,,,1
0022100344,578,1,79,4,10:10 PM,10:51,Middleton 18' Pullup Jump Shot (22 PTS) (Smart 3 AST),,,79 - 107,28,4,203114,Khris Middleton,1610612749.0,Milwaukee,Bucks,MIL,4,1630606,Javonte Smart,1610612749.0,Milwaukee,Bucks,MIL,0,0,,,,,,1
0022100344,580,2,57,4,10:11 PM,10:41,,,MISS Strus 4' Driving Hook Shot,,,5,1629622,Max Strus,1610612748.0,Miami,Heat,MIA,0,0,,,,,,0,0,,,,,,1
0022100344,581,4,0,4,10:11 PM,10:41,,,Heat Rebound,,,3,1610612748,,,,,,0,0,,,,,,0,0,,,,,,0
0022100344,583,8,0,4,10:11 PM,10:41,SUB: Portis FOR Antetokounmpo,,,,,4,203648,Thanasis Antetokounmpo,1610612749.0,Milwaukee,Bucks,MIL,4,1626171,Bobby Portis,1610612749.0,Milwaukee,Bucks,MIL,0,0,,,,,,0
0022100344,585,2,1,4,10:11 PM,10:36,,,MISS Vincent 3PT Jump Shot,,,5,1629216,Gabe Vincent,1610612748.0,Miami,Heat,MIA,0,0,,,,,,0,0,,,,,,1
0022100344,586,4,0,4,10:11 PM,10:32,Mamukelashvili REBOUND (Off:1 Def:1),,,,,4,1630572,Sandro Mamukelashvili,1610612749.0,Milwaukee,Bucks,MIL,0,0,,,,,,0,0,,,,,,1
0022100344,587,1,1,4,10:11 PM,10:23,Mamukelashvili 27' 3PT Jump Shot (5 PTS) (Middleton 9 AST),,,79 - 110,31,4,1630572,Sandro Mamukelashvili,1610612749.0,Milwaukee,Bucks,MIL,4,203114,Khris Middleton,1610612749.0,Milwaukee,Bucks,MIL,0,0,,,,,,1
0022100344,589,2,80,4,10:11 PM,10:10,,,MISS Herro 20' Step Back Jump Shot,,,5,1629639,Tyler Herro,1610612748.0,Miami,Heat,MIA,0,0,,,,,,0,0,,,,,,1
0022100344,590,4,0,4,10:12 PM,10:08,,,Heat Rebound,,,3,1610612748,,,,,,0,0,,,,,,0,0,,,,,,0
0022100344,592,8,0,4,10:12 PM,10:08,SUB: Hood FOR Matthews,,,,,4,202083,Wesley Matthews,1610612749.0,Milwaukee,Bucks,MIL,4,203918,Rodney Hood,1610612749.0,Milwaukee,Bucks,MIL,0,0,,,,,,0
0022100344,594,2,1,4,10:12 PM,10:04,,,MISS Yurtseven 17' Jump Shot,,,5,1630209,Omer Yurtseven,1610612748.0,Miami,Heat,MIA,0,0,,,,,,0,0,,,,,,1
0022100344,595,4,0,4,10:12 PM,10:02,Portis REBOUND (Off:4 Def:12),,,,,4,1626171,Bobby Portis,1610612749.0,Milwaukee,Bucks,MIL,0,0,,,,,,0,0,,,,,,1
0022100344,596,5,45,4,10:12 PM,9:52,Middleton Out of Bounds - Bad Pass Turnover Turnover (P2.T11),,,,,4,203114,Khris Middleton,1610612749.0,Milwaukee,Bucks,MIL,0,0,,,,,,1,0,,,,,,1
0022100344,597,2,78,4,10:13 PM,9:38,,,MISS Yurtseven 14' Floating Jump Shot,,,5,1630209,Omer Yurtseven,1610612748.0,Miami,Heat,MIA,0,0,,,,,,0,0,,,,,,1
0022100344,598,4,0,4,10:13 PM,9:34,Mamukelashvili REBOUND (Off:1 Def:2),,,,,4,1630572,Sandro Mamukelashvili,1610612749.0,Milwaukee,Bucks,MIL,0,0,,,,,,0,0,,,,,,1
0022100344,599,5,21,4,10:13 PM,9:28,Middleton Palming Turnover (P3.T12),,,,,4,203114,Khris Middleton,1610612749.0,Milwaukee,Bucks,MIL,0,0,,,,,,1,0,,,,,,1
0022100344,600,1,98,4,10:13 PM,9:13,,,Strus 3' Cutting Layup Shot (18 PTS) (Yurtseven 1 AST),81 - 110,29,5,1629622,Max Strus,1610612748.0,Miami,Heat,MIA,5,1630209,Omer Yurtseven,1610612748.0,Miami,Heat,MIA,0,0,,,,,,1
0022100344,602,2,1,4,10:13 PM,8:57,MISS Hood 25' 3PT Jump Shot,,,,,4,203918,Rodney Hood,1610612749.0,Milwaukee,Bucks,MIL,0,0,,,,,,0,0,,,,,,1
0022100344,603,4,0,4,10:13 PM,8:55,,,Martin REBOUND (Off:0 Def:2),,,5,1628997,Caleb Martin,1610612748.0,Miami,Heat,MIA,0,0,,,,,,0,0,,,,,,1
0022100344,604,1,1,4,10:14 PM,8:49,,,Strus 26' 3PT Jump Shot (21 PTS) (Vincent 4 AST),84 - 110,26,5,1629622,Max Strus,1610612748.0,Miami,Heat,MIA,5,1629216,Gabe Vincent,1610612748.0,Miami,Heat,MIA,0,0,,,,,,1
0022100344,606,5,2,4,10:14 PM,8:37,Middleton Lost Ball Turnover (P4.T13),,Martin STEAL (2 STL),,,4,203114,Khris Middleton,1610612749.0,Milwaukee,Bucks,MIL,5,1628997,Caleb Martin,1610612748.0,Miami,Heat,MIA,0,0,,,,,,1
0022100344,608,2,2,4,10:14 PM,8:32,,,MISS Strus 28' 3PT Running Jump Shot,,,5,1629622,Max Strus,1610612748.0,Miami,Heat,MIA,0,0,,,,,,0,0,,,,,,1
0022100344,609,4,0,4,10:14 PM,8:30,BUCKS Rebound,,,,,2,1610612749,,,,,,0,0,,,,,,0,0,,,,,,0
0022100344,611,8,0,4,10:15 PM,8:30,SUB: Holiday FOR Middleton,,,,,4,203114,Khris Middleton,1610612749.0,Milwaukee,Bucks,MIL,4,201950,Jrue Holiday,1610612749.0,Milwaukee,Bucks,MIL,0,0,,,,,,0
0022100344,612,8,0,4,10:15 PM,8:30,SUB: Connaughton FOR Mamukelashvili,,,,,4,1630572,Sandro Mamukelashvili,1610612749.0,Milwaukee,Bucks,MIL,4,1626192,Pat Connaughton,1610612749.0,Milwaukee,Bucks,MIL,0,0,,,,,,0
0022100344,615,2,80,4,10:16 PM,8:07,MISS Holiday 26' 3PT Step Back Jump Shot,,Martin BLOCK (1 BLK),,,4,201950,Jrue Holiday,1610612749.0,Milwaukee,Bucks,MIL,0,0,,,,,,5,1628997,Caleb Martin,1610612748.0,Miami,Heat,MIA,1
0022100344,617,4,0,4,10:16 PM,8:02,,,Yurtseven REBOUND (Off:0 Def:2),,,5,1630209,Omer Yurtseven,1610612748.0,Miami,Heat,MIA,0,0,,,,,,0,0,,,,,,1
0022100344,618,2,101,4,10:17 PM,7:51,,,MISS Strus 3' Driving Floating Jump Shot,,,5,1629622,Max Strus,1610612748.0,Miami,Heat,MIA,0,0,,,,,,0,0,,,,,,1
0022100344,619,4,0,4,10:17 PM,7:48,Holiday REBOUND (Off:1 Def:4),,,,,4,201950,Jrue Holiday,1610612749.0,Milwaukee,Bucks,MIL,0,0,,,,,,0,0,,,,,,1
0022100344,620,1,41,4,10:17 PM,7:43,Portis 2' Running Layup (17 PTS) (Holiday 7 AST),,,84 - 112,28,4,1626171,Bobby Portis,1610612749.0,Milwaukee,Bucks,MIL,4,201950,Jrue Holiday,1610612749.0,Milwaukee,Bucks,MIL,0,0,,,,,,1
0022100344,622,1,79,4,10:17 PM,7:19,,,Herro 17' Pullup Jump Shot (15 PTS) (Yurtseven 2 AST),86 - 112,26,5,1629639,Tyler Herro,1610612748.0,Miami,Heat,MIA,5,1630209,Omer Yurtseven,1610612748.0,Miami,Heat,MIA,0,0,,,,,,1
0022100344,624,2,1,4,10:17 PM,6:57,MISS Smart 28' 3PT Jump Shot,,Martin BLOCK (2 BLK),,,4,1630606,Javonte Smart,1610612749.0,Milwaukee,Bucks,MIL,0,0,,,,,,5,1628997,Caleb Martin,1610612748.0,Miami,Heat,MIA,1
0022100344,626,4,0,4,10:18 PM,6:53,,,Martin REBOUND (Off:0 Def:3),,,5,1628997,Caleb Martin,1610612748.0,Miami,Heat,MIA,0,0,,,,,,0,0,,,,,,1
0022100344,627,1,50,4,10:18 PM,6:50,,,Martin 1' Running Dunk (11 PTS) (Herro 6 AST),88 - 112,24,5,1628997,Caleb Martin,1610612748.0,Miami,Heat,MIA,5,1629639,Tyler Herro,1610612748.0,Miami,Heat,MIA,0,0,,,,,,1
0022100344,629,9,1,4,10:18 PM,6:49,BUCKS Timeout: Regular (Full 3 Short 0),,,,,2,1610612749,,,,,,0,0,,,,,,0,0,,,,,,0
0022100344,630,8,0,4,10:20 PM,6:49,SUB: Mamukelashvili FOR Smart,,,,,4,1630606,Javonte Smart,1610612749.0,Milwaukee,Bucks,MIL,4,1630572,Sandro Mamukelashvili,1610612749.0,Milwaukee,Bucks,MIL,0,0,,,,,,0
0022100344,631,8,0,4,10:20 PM,6:49,,,SUB: Okpala FOR Herro,,,5,1629639,Tyler Herro,1610612748.0,Miami,Heat,MIA,5,1629644,KZ Okpala,1610612748.0,Miami,Heat,MIA,0,0,,,,,,0
0022100344,634,1,101,4,10:21 PM,6:26,Portis 15' Driving Floating Jump Shot (19 PTS) (Connaughton 1 AST),,,88 - 114,26,4,1626171,Bobby Portis,1610612749.0,Milwaukee,Bucks,MIL,4,1626192,Pat Connaughton,1610612749.0,Milwaukee,Bucks,MIL,0,0,,,,,,1
0022100344,636,2,57,4,10:21 PM,6:03,,,MISS Okpala 12' Driving Hook Shot,,,5,1629644,KZ Okpala,1610612748.0,Miami,Heat,MIA,0,0,,,,,,0,0,,,,,,1
0022100344,637,4,0,4,10:21 PM,6:01,Mamukelashvili REBOUND (Off:1 Def:3),,,,,4,1630572,Sandro Mamukelashvili,1610612749.0,Milwaukee,Bucks,MIL,0,0,,,,,,0,0,,,,,,1
0022100344,638,2,47,4,10:22 PM,5:47,MISS Mamukelashvili 8' Turnaround Jump Shot,,,,,4,1630572,Sandro Mamukelashvili,1610612749.0,Milwaukee,Bucks,MIL,0,0,,,,,,0,0,,,,,,1
0022100344,639,4,0,4,10:22 PM,5:45,,,Yurtseven REBOUND (Off:0 Def:3),,,5,1630209,Omer Yurtseven,1610612748.0,Miami,Heat,MIA,0,0,,,,,,0,0,,,,,,1
0022100344,640,6,1,4,10:22 PM,5:43,Holiday P.FOUL (P2.T1) (T.Maddox),,,,,4,201950,Jrue Holiday,1610612749.0,Milwaukee,Bucks,MIL,5,1629216,Gabe Vincent,1610612748.0,Miami,Heat,MIA,1,0,,,,,,1
0022100344,642,8,0,4,10:22 PM,5:43,SUB: Antetokounmpo FOR Portis,,,,,4,1626171,Bobby Portis,1610612749.0,Milwaukee,Bucks,MIL,4,203648,Thanasis Antetokounmpo,1610612749.0,Milwaukee,Bucks,MIL,0,0,,,,,,0
0022100344,644,2,1,4,10:22 PM,5:33,,,MISS Strus 27' 3PT Jump Shot,,,5,1629622,Max Strus,1610612748.0,Miami,Heat,MIA,0,0,,,,,,0,0,,,,,,1
0022100344,645,4,0,4,10:22 PM,5:33,BUCKS Rebound,,,,,2,1610612749,,,,,,0,0,,,,,,0,0,,,,,,0
0022100344,647,2,1,4,10:23 PM,5:22,MISS Connaughton 31' 3PT Jump Shot,,,,,4,1626192,Pat Connaughton,1610612749.0,Milwaukee,Bucks,MIL,0,0,,,,,,0,0,,,,,,1
0022100344,648,4,0,4,10:23 PM,5:21,BUCKS Rebound,,,,,2,1610612749,,,,,,0,0,,,,,,0,0,,,,,,0
0022100344,650,2,1,4,10:23 PM,5:17,MISS Antetokounmpo 24' 3PT Jump Shot,,,,,4,203648,Thanasis Antetokounmpo,1610612749.0,Milwaukee,Bucks,MIL,0,0,,,,,,0,0,,,,,,1
0022100344,651,4,0,4,10:23 PM,5:14,,,Strus REBOUND (Off:1 Def:1),,,5,1629622,Max Strus,1610612748.0,Miami,Heat,MIA,0,0,,,,,,0,0,,,,,,1
0022100344,652,1,1,4,10:23 PM,5:01,,,Vincent 27' 3PT Jump Shot (9 PTS) (Okpala 1 AST),91 - 114,23,5,1629216,Gabe Vincent,1610612748.0,Miami,Heat,MIA,5,1629644,KZ Okpala,1610612748.0,Miami,Heat,MIA,0,0,,,,,,1
0022100344,654,2,1,4,10:24 PM,4:34,MISS Holiday 27' 3PT Jump Shot,,,,,4,201950,Jrue Holiday,1610612749.0,Milwaukee,Bucks,MIL,0,0,,,,,,0,0,,,,,,1
0022100344,655,4,0,4,10:24 PM,4:34,,,Yurtseven REBOUND (Off:0 Def:4),,,5,1630209,Omer Yurtseven,1610612748.0,Miami,Heat,MIA,0,0,,,,,,0,0,,,,,,1
0022100344,656,6,1,4,10:24 PM,4:34,Antetokounmpo P.FOUL (P3.T2) (T.Maddox),,,,,4,203648,Thanasis Antetokounmpo,1610612749.0,Milwaukee,Bucks,MIL,5,1630209,Omer Yurtseven,1610612748.0,Miami,Heat,MIA,1,0,,,,,,1
0022100344,658,8,0,4,10:24 PM,4:34,SUB: Smart FOR Holiday,,,,,4,201950,Jrue Holiday,1610612749.0,Milwaukee,Bucks,MIL,4,1630606,Javonte Smart,1610612749.0,Milwaukee,Bucks,MIL,0,0,,,,,,0
0022100344,660,2,1,4,10:24 PM,4:18,,,MISS Okpala 24' 3PT Jump Shot,,,5,1629644,KZ Okpala,1610612748.0,Miami,Heat,MIA,0,0,,,,,,0,0,,,,,,1
0022100344,661,4,0,4,10:24 PM,4:15,Antetokounmpo REBOUND (Off:2 Def:1),,,,,4,203648,Thanasis Antetokounmpo,1610612749.0,Milwaukee,Bucks,MIL,0,0,,,,,,0,0,,,,,,1
0022100344,662,1,1,4,10:25 PM,4:02,Connaughton 3PT Jump Shot (23 PTS) (Smart 4 AST),,,91 - 117,26,4,1626192,Pat Connaughton,1610612749.0,Milwaukee,Bucks,MIL,4,1630606,Javonte Smart,1610612749.0,Milwaukee,Bucks,MIL,0,0,,,,,,1
0022100344,664,1,47,4,10:25 PM,3:45,,,Martin 17' Turnaround Jump Shot (13 PTS),93 - 117,24,5,1628997,Caleb Martin,1610612748.0,Miami,Heat,MIA,0,0,,,,,,0,0,,,,,,1
0022100344,665,9,1,4,10:25 PM,3:36,BUCKS Timeout: Regular (Full 4 Short 0),,,,,2,1610612749,,,,,,0,0,,,,,,0,0,,,,,,0
0022100344,666,8,0,4,10:27 PM,3:36,SUB: Nwora FOR Connaughton,,,,,4,1626192,Pat Connaughton,1610612749.0,Milwaukee,Bucks,MIL,4,1629670,Jordan Nwora,1610612749.0,Milwaukee,Bucks,MIL,0,0,,,,,,0
0022100344,668,2,1,4,10:28 PM,3:27,MISS Hood 26' 3PT Jump Shot,,,,,4,203918,Rodney Hood,1610612749.0,Milwaukee,Bucks,MIL,0,0,,,,,,0,0,,,,,,1
0022100344,669,4,0,4,10:28 PM,3:24,Mamukelashvili REBOUND (Off:2 Def:3),,,,,4,1630572,Sandro Mamukelashvili,1610612749.0,Milwaukee,Bucks,MIL,0,0,,,,,,0,0,,,,,,1
0022100344,670,2,1,4,10:28 PM,3:14,MISS Mamukelashvili 25' 3PT Jump Shot,,,,,4,1630572,Sandro Mamukelashvili,1610612749.0,Milwaukee,Bucks,MIL,0,0,,,,,,0,0,,,,,,1
0022100344,671,4,0,4,10:29 PM,3:11,,,Strus REBOUND (Off:1 Def:2),,,5,1629622,Max Strus,1610612748.0,Miami,Heat,MIA,0,0,,,,,,0,0,,,,,,1
0022100344,672,2,1,4,10:29 PM,2:58,,,MISS Strus 26' 3PT Jump Shot,,,5,1629622,Max Strus,1610612748.0,Miami,Heat,MIA,0,0,,,,,,0,0,,,,,,1
0022100344,673,4,0,4,10:29 PM,2:54,Smart REBOUND (Off:2 Def:4),,,,,4,1630606,Javonte Smart,1610612749.0,Milwaukee,Bucks,MIL,0,0,,,,,,0,0,,,,,,1
0022100344,674,5,40,4,10:29 PM,2:40,Antetokounmpo Out of Bounds Lost Ball Turnover (P1.T14),,,,,4,203648,Thanasis Antetokounmpo,1610612749.0,Milwaukee,Bucks,MIL,0,0,,,,,,1,0,,,,,,1
0022100344,675,6,1,4,10:29 PM,2:35,Hood P.FOUL (P3.T3) (D.Richardson),,,,,4,203918,Rodney Hood,1610612749.0,Milwaukee,Bucks,MIL,5,1628997,Caleb Martin,1610612748.0,Miami,Heat,MIA,1,0,,,,,,1
0022100344,677,5,45,4,10:30 PM,2:31,,,Yurtseven Out of Bounds - Bad Pass Turnover Turnover (P1.T15),,,5,1630209,Omer Yurtseven,1610612748.0,Miami,Heat,MIA,0,0,,,,,,1,0,,,,,,1
0022100344,678,2,79,4,10:30 PM,2:14,MISS Hood 14' Pullup Jump Shot,,,,,4,203918,Rodney Hood,1610612749.0,Milwaukee,Bucks,MIL,0,0,,,,,,0,0,,,,,,1
0022100344,679,4,0,4,10:30 PM,2:11,Mamukelashvili REBOUND (Off:3 Def:3),,,,,4,1630572,Sandro Mamukelashvili,1610612749.0,Milwaukee,Bucks,MIL,0,0,,,,,,0,0,,,,,,1
0022100344,680,1,1,4,10:30 PM,2:07,Nwora 24' 3PT Jump Shot (3 PTS) (Mamukelashvili 2 AST),,,93 - 120,27,4,1629670,Jordan Nwora,1610612749.0,Milwaukee,Bucks,MIL,4,1630572,Sandro Mamukelashvili,1610612749.0,Milwaukee,Bucks,MIL,0,0,,,,,,1
0022100344,682,6,18,4,10:31 PM,2:07,BUCKS Delay,,,,,2,1610612749,,,,,,0,0,,,,,,1,0,,,,,,1
0022100344,683,3,16,4,10:31 PM,2:07,,,Strus Free Throw Technical (22 PTS),94 - 120,26,5,1629622,Max Strus,1610612748.0,Miami,Heat,MIA,0,0,,,,,,0,0,,,,,,1
0022100344,684,7,5,4,10:31 PM,1:57,Mamukelashvili Violation:Kicked Ball (T.Maddox),,,,,4,1630572,Sandro Mamukelashvili,1610612749.0,Milwaukee,Bucks,MIL,0,0,,,,,,1,0,,,,,,0
0022100344,686,1,1,4,10:32 PM,1:49,,,Martin 26' 3PT Jump Shot (16 PTS) (Vincent 5 AST),97 - 120,23,5,1628997,Caleb Martin,1610612748.0,Miami,Heat,MIA,5,1629216,Gabe Vincent,1610612748.0,Miami,Heat,MIA,0,0,,,,,,1
0022100344,688,1,98,4,10:32 PM,1:30,Antetokounmpo 2' Cutting Layup Shot (8 PTS) (Mamukelashvili 3 AST),,,97 - 122,25,4,203648,Thanasis Antetokounmpo,1610612749.0,Milwaukee,Bucks,MIL,4,1630572,Sandro Mamukelashvili,1610612749.0,Milwaukee,Bucks,MIL,0,0,,,,,,1
0022100344,690,2,1,4,10:32 PM,1:13,,,MISS Martin 27' 3PT Jump Shot,,,5,1628997,Caleb Martin,1610612748.0,Miami,Heat,MIA,0,0,,,,,,0,0,,,,,,1
0022100344,691,4,0,4,10:32 PM,1:09,Antetokounmpo REBOUND (Off:2 Def:2),,,,,4,203648,Thanasis Antetokounmpo,1610612749.0,Milwaukee,Bucks,MIL,0,0,,,,,,0,0,,,,,,1
0022100344,692,2,80,4,10:33 PM,0:52,MISS Nwora 16' Step Back Jump Shot,,,,,4,1629670,Jordan Nwora,1610612749.0,Milwaukee,Bucks,MIL,0,0,,,,,,0,0,,,,,,1
0022100344,693,4,0,4,10:33 PM,0:50,Mamukelashvili REBOUND (Off:4 Def:3),,,,,4,1630572,Sandro Mamukelashvili,1610612749.0,Milwaukee,Bucks,MIL,0,0,,,,,,0,0,,,,,,1
0022100344,694,2,1,4,10:33 PM,0:35,MISS Hood 37' 3PT Jump Shot,,,,,4,203918,Rodney Hood,1610612749.0,Milwaukee,Bucks,MIL,0,0,,,,,,0,0,,,,,,1
0022100344,695,4,0,4,10:33 PM,0:34,,,Heat Rebound,,,3,1610612748,,,,,,0,0,,,,,,0,0,,,,,,0
0022100344,697,1,1,4,10:33 PM,0:27,,,Strus 32' 3PT Jump Shot (25 PTS) (Martin 3 AST),100 - 122,22,5,1629622,Max Strus,1610612748.0,Miami,Heat,MIA,5,1628997,Caleb Martin,1610612748.0,Miami,Heat,MIA,0,0,,,,,,1
0022100344,699,1,108,4,10:34 PM,0:05,Antetokounmpo 1' Cutting Dunk Shot (10 PTS) (Nwora 1 AST),,,100 - 124,24,4,203648,Thanasis Antetokounmpo,1610612749.0,Milwaukee,Bucks,MIL,4,1629670,Jordan Nwora,1610612749.0,Milwaukee,Bucks,MIL,0,0,,,,,,1
0022100344,701,1,79,4,10:34 PM,0:00,,,Vincent 18' Pullup Jump Shot (11 PTS),102 - 124,22,5,1629216,Gabe Vincent,1610612748.0,Miami,Heat,MIA,0,0,,,,,,0,0,,,,,,1
0022100344,702,13,0,4,10:34 PM,0:00,,End of 4th Period (10:34 PM EST),,102 - 124,22,0,0,,,,,,0,0,,,,,,0,0,,,,,,1
